Timestamp,Date,Measure,Maple,TrueFi,Backed Finance,Securitize,Ondo,Arca Labs,Open Eden,Superstate,Swarm,Matrixdock,Wisdomtree Prime,Franklin Templeton Benji Investments,Hashnote,OpenTrade (Perimeter Protocol),Midas
1672531200000,2023-01-01,Total Asset Value (Dollar),,,,,,368620.00,,,,,1000000.00,103568479.05,,,
1672617600000,2023-01-02,Total Asset Value (Dollar),,,,,,368620.00,,,,,1000000.00,103568479.05,,,
1672704000000,2023-01-03,Total Asset Value (Dollar),,,,,,368620.00,,,,,1000000.00,103602733.03,,,
1672790400000,2023-01-04,Total Asset Value (Dollar),,,,,,368620.00,,,,,1000000.00,103539217.27,,,
1672876800000,2023-01-05,Total Asset Value (Dollar),,,,,,368620.00,,,,,1000000.00,103430538.77,,,
1672963200000,2023-01-06,Total Asset Value (Dollar),,,,,,368620.00,,,,,1000000.00,103465477.81,,,
1673049600000,2023-01-07,Total Asset Value (Dollar),,,,,,368620.00,,,,,1000000.00,103465477.81,,,
1673136000000,2023-01-08,Total Asset Value (Dollar),,,,,,368620.00,,,,,1000000.00,103465477.81,,,
1673222400000,2023-01-09,Total Asset Value (Dollar),,,,,,368620.00,,,,,1000000.00,103461958.26,,,
1673308800000,2023-01-10,Total Asset Value (Dollar),,,,,,368620.00,,,,,1000000.00,103473630.60,,,
1673395200000,2023-01-11,Total Asset Value (Dollar),,,,,,368620.00,,,,,1000000.00,103485307.60,,,
1673481600000,2023-01-12,Total Asset Value (Dollar),,,,,,368620.00,,,,,1000000.00,103696112.19,,,
1673568000000,2023-01-13,Total Asset Value (Dollar),,,,,,368620.00,,,,,1000000.00,103743367.85,,,
1673654400000,2023-01-14,Total Asset Value (Dollar),,,,,,368620.00,,,,,1000000.00,103743367.85,,,
1673740800000,2023-01-15,Total Asset Value (Dollar),,,,,,368620.00,,,,,1000000.00,103743367.85,,,
1673827200000,2023-01-16,Total Asset Value (Dollar),,,,,,368620.00,,,,,1000000.00,103743367.85,,,
1673913600000,2023-01-17,Total Asset Value (Dollar),,,,,,368620.00,,,,,1000000.00,103755615.73,,,
1674000000000,2023-01-18,Total Asset Value (Dollar),,,,,,368620.00,,,,1.00,1000000.00,103767455.60,,,
1674086400000,2023-01-19,Total Asset Value (Dollar),,,,,,367620.00,,,,1.00,1000000.00,103579217.97,,,
1674172800000,2023-01-20,Total Asset Value (Dollar),,,,,,367620.00,,,,1.00,1000000.00,103616553.82,,,
1674259200000,2023-01-21,Total Asset Value (Dollar),,,,,,367620.00,,,,1.00,1000000.00,103616553.82,,,
1674345600000,2023-01-22,Total Asset Value (Dollar),,,,,,367620.00,,,,1.00,1000000.00,103616553.82,,,
1674432000000,2023-01-23,Total Asset Value (Dollar),,,,,,367620.00,,,,1.00,1000000.00,103638558.01,,,
1674518400000,2023-01-24,Total Asset Value (Dollar),,,,,,367620.00,,,,1.00,1000000.00,103638777.41,,,
1674604800000,2023-01-25,Total Asset Value (Dollar),,,,,,367620.00,,,,1.00,1000000.00,103660910.55,,,
1674691200000,2023-01-26,Total Asset Value (Dollar),,,,,148.84,367620.00,,,,1.00,1000000.00,104672746.03,,,
1674777600000,2023-01-27,Total Asset Value (Dollar),,,,,347.32,367620.00,,,,2000001.11,1000000.00,104709014.78,,,
1674864000000,2023-01-28,Total Asset Value (Dollar),,,,,347.32,367620.00,,,,2000001.11,1000000.00,104709014.78,,,
1674950400000,2023-01-29,Total Asset Value (Dollar),,,,,347.32,367620.00,,,,2000001.11,1000000.00,104709014.78,,,
1675036800000,2023-01-30,Total Asset Value (Dollar),,,,,546.00,367620.00,,,,2000001.11,1000000.00,104720980.08,,,
1675123200000,2023-01-31,Total Asset Value (Dollar),,,,,552180.19,367620.00,,,,2000001.11,1000000.00,104732184.80,,,
1675209600000,2023-02-01,Total Asset Value (Dollar),,,,,550477.78,367620.00,,,,1800517.11,1000000.00,104754287.45,,,
1675296000000,2023-02-02,Total Asset Value (Dollar),,,,,550678.07,367620.00,,,,1800517.11,1000000.00,125268695.98,,,
1675382400000,2023-02-03,Total Asset Value (Dollar),,,,,17608890.12,367620.00,,,,1800517.11,1000000.00,125378845.34,,,
1675468800000,2023-02-04,Total Asset Value (Dollar),,,,,17608890.12,367620.00,,,,1600517.00,1000000.00,125378845.34,,,
1675555200000,2023-02-05,Total Asset Value (Dollar),,,,,17608890.12,367620.00,,,,1600517.00,1000000.00,125378845.34,,,
1675641600000,2023-02-06,Total Asset Value (Dollar),,,,,17608890.12,367620.00,,,,1600517.00,1000000.00,125391571.69,,,
1675728000000,2023-02-07,Total Asset Value (Dollar),,,,,27261366.69,367620.00,,,,1750517.00,1000000.00,125406728.65,,,
1675814400000,2023-02-08,Total Asset Value (Dollar),,,,,28641057.00,367620.00,,,,1900517.00,1000000.00,125443176.83,,,
1675900800000,2023-02-09,Total Asset Value (Dollar),,,,,28651472.88,367620.00,,,,1688517.00,1000000.00,125457990.42,,,
1675987200000,2023-02-10,Total Asset Value (Dollar),,,,,34437886.83,367620.00,,,,1688517.00,1000000.00,125505756.21,,,
1676073600000,2023-02-11,Total Asset Value (Dollar),,,,,34437886.83,367620.00,,,,1899517.00,1000000.00,125505756.21,,,
1676160000000,2023-02-12,Total Asset Value (Dollar),,,,,34437886.83,367620.00,,,,1899517.00,1000000.00,125505756.21,,,
1676246400000,2023-02-13,Total Asset Value (Dollar),,,,,40249528.42,367620.00,,,,1899517.00,1000000.00,125530600.62,,,
1676332800000,2023-02-14,Total Asset Value (Dollar),,,,,40249528.42,367620.00,,,,1899517.00,1000000.00,125660324.82,,,
1676419200000,2023-02-15,Total Asset Value (Dollar),,,,,41110907.29,367620.00,,,,1890517.00,1000000.00,125675313.18,,,
1676505600000,2023-02-16,Total Asset Value (Dollar),,,,,41129582.18,367620.00,,,,2390517.00,1000000.00,125702294.12,,,
1676592000000,2023-02-17,Total Asset Value (Dollar),,,,,41306270.12,367620.00,,,,2390517.00,1000000.00,125762047.21,,,
1676678400000,2023-02-18,Total Asset Value (Dollar),,,,,41306270.12,367620.00,,,,3890517.00,1000000.00,125762047.21,,,
1676764800000,2023-02-19,Total Asset Value (Dollar),,,,,41306270.12,367620.00,,,,3890517.00,1000000.00,125762047.21,,,
1676851200000,2023-02-20,Total Asset Value (Dollar),,,,,41306270.12,367620.00,,,,3890517.00,1000000.00,125762047.21,,,
1676937600000,2023-02-21,Total Asset Value (Dollar),,,,,41306270.12,367620.00,,,,3890517.00,1000000.00,175777067.51,,,
1677024000000,2023-02-22,Total Asset Value (Dollar),,,,,41714509.22,367620.00,,,,3890517.00,1000000.00,175797904.89,,,
1677110400000,2023-02-23,Total Asset Value (Dollar),,,,,40636418.64,367620.00,,,,13874728.09,1000000.00,175819129.26,,,
1677196800000,2023-02-24,Total Asset Value (Dollar),,,,,41741367.38,367620.00,,,,13874728.09,1000155.58,175883034.18,,,
1677283200000,2023-02-25,Total Asset Value (Dollar),,,,,41741367.38,367620.00,,,,13874728.09,1000155.58,175883034.18,,,
1677369600000,2023-02-26,Total Asset Value (Dollar),,,,,41741367.38,367620.00,,,,13874728.09,1000155.58,175883034.18,,,
1677456000000,2023-02-27,Total Asset Value (Dollar),,,,,41859040.41,367620.00,,,,13874728.09,1000155.58,225900479.41,,,
1677542400000,2023-02-28,Total Asset Value (Dollar),,,,,43658350.90,367620.00,,,,13974728.09,1000083.30,225921690.03,,,
1677628800000,2023-03-01,Total Asset Value (Dollar),,,,,44649536.38,367620.00,,,,14524728.09,1000083.30,225949142.95,,,
1677715200000,2023-03-02,Total Asset Value (Dollar),,,,,45182256.01,367620.00,,,,14524728.09,1000083.30,225976362.14,,,
1677801600000,2023-03-03,Total Asset Value (Dollar),,,,,50565099.81,367620.00,,,,14524728.09,1000083.30,226060686.68,,,
1677888000000,2023-03-04,Total Asset Value (Dollar),,,,,50565099.81,367620.00,,,,14524728.09,1000083.30,226060686.68,,,
1677974400000,2023-03-05,Total Asset Value (Dollar),,,,,50565099.81,367620.00,,,,14524728.09,1000083.30,226060686.68,,,
1678060800000,2023-03-06,Total Asset Value (Dollar),,,1037750.00,,53533640.51,367620.00,,,,14524728.09,1000083.30,226088083.31,,,
1678147200000,2023-03-07,Total Asset Value (Dollar),,,1035100.00,,53523909.78,367620.00,,,,14644728.09,1000083.30,225090785.42,,,
1678233600000,2023-03-08,Total Asset Value (Dollar),,,1033300.00,,53528775.15,367620.00,,,,15144735.82,1000000.01,225117867.30,,,
1678320000000,2023-03-09,Total Asset Value (Dollar),,,1035750.00,,53557967.35,367620.00,,,,15144735.82,1000000.01,225151106.56,,,
1678406400000,2023-03-10,Total Asset Value (Dollar),,,1038750.00,,52923332.22,367620.00,,,,15695735.82,1000000.01,225242356.23,,,
1678492800000,2023-03-11,Total Asset Value (Dollar),,,1038750.00,,52923332.22,367620.00,,,,20695735.82,1000000.01,225242356.23,,,
1678579200000,2023-03-12,Total Asset Value (Dollar),,,1038750.00,,52923332.22,367620.00,,,,20695735.82,1000000.01,225242356.23,,,
1678665600000,2023-03-13,Total Asset Value (Dollar),,,1046550.00,,53425397.20,367620.00,,,,20695735.82,1000000.01,225268033.56,,,
1678752000000,2023-03-14,Total Asset Value (Dollar),,,1045850.00,,52274571.25,367620.00,,,,20695735.82,1000000.01,265612572.80,,,
1678838400000,2023-03-15,Total Asset Value (Dollar),,,1046050.00,,54390395.23,367620.00,,,,20695735.82,1000000.01,265640362.20,,,
1678924800000,2023-03-16,Total Asset Value (Dollar),,,1045850.00,,56581047.13,367620.00,,,,20595547.59,1000000.01,265672588.28,,,
1679011200000,2023-03-17,Total Asset Value (Dollar),,,1048250.00,,58601267.83,367620.00,,,,27395522.67,1000054.28,265787057.84,,,
1679097600000,2023-03-18,Total Asset Value (Dollar),,,1048250.00,,58601267.83,367620.00,,,,45907648.59,1000054.28,265787057.84,,,
1679184000000,2023-03-19,Total Asset Value (Dollar),,,1048250.00,,58601267.83,367620.00,,,,45907648.59,1000054.28,265787057.84,,,
1679270400000,2023-03-20,Total Asset Value (Dollar),,,1048250.00,,58261445.85,367620.00,,,,45907648.59,1000054.28,275346206.21,,,
1679356800000,2023-03-21,Total Asset Value (Dollar),,,1043600.00,,58355357.59,367620.00,,,,45907648.59,1000054.28,272430934.42,,,
1679443200000,2023-03-22,Total Asset Value (Dollar),,,1044150.00,,59474709.64,367620.00,,,,46207648.59,1000251.71,272474123.08,,,
1679529600000,2023-03-23,Total Asset Value (Dollar),,,1054850.00,,59512430.31,367620.00,,,,46207648.59,1000251.71,272717823.78,,,
1679616000000,2023-03-24,Total Asset Value (Dollar),,,1047750.00,,59518916.90,367620.00,,,,46307652.90,1000251.71,272818875.83,,,
1679702400000,2023-03-25,Total Asset Value (Dollar),,,1047750.00,,59518916.90,367620.00,,,,46408152.90,1000251.71,272818875.83,,,
1679788800000,2023-03-26,Total Asset Value (Dollar),,,1047750.00,,59518916.90,367620.00,,,,46408152.90,1000251.71,272818875.83,,,
1679875200000,2023-03-27,Total Asset Value (Dollar),,,1048800.00,,68872864.83,367620.00,,,,46408152.90,1000251.71,272824595.52,,,
1679961600000,2023-03-28,Total Asset Value (Dollar),,,1049400.00,,69538011.94,367620.00,,,,46408152.90,1000251.71,272855014.19,,,
1680048000000,2023-03-29,Total Asset Value (Dollar),,,1048450.00,,74868116.79,367620.00,,,,46408152.89,1000251.71,272888440.16,,,
1680134400000,2023-03-30,Total Asset Value (Dollar),,,1046850.00,,74881671.26,367620.00,,,,46508675.53,1000241.71,272921541.89,,,
1680220800000,2023-03-31,Total Asset Value (Dollar),,,1047150.00,,74674283.41,367620.00,,,,46508675.53,1000241.71,272954556.71,,,
1680307200000,2023-04-01,Total Asset Value (Dollar),,,1047150.00,,74674283.41,367620.00,,,,55559032.23,1000241.71,272954556.71,,,
1680393600000,2023-04-02,Total Asset Value (Dollar),,,1047150.00,,74674283.41,367620.00,,,,55559042.23,1000241.71,272954556.71,,,
1680480000000,2023-04-03,Total Asset Value (Dollar),,,1045050.00,,74403969.26,367620.00,,,,55559042.23,1000241.71,273058480.79,,,
1680566400000,2023-04-04,Total Asset Value (Dollar),,,1046050.00,,74262219.94,367620.00,,,,55559042.23,1000241.71,273112329.67,,,
1680652800000,2023-04-05,Total Asset Value (Dollar),,,1051850.00,,74302675.11,367620.00,,,,55982575.87,1000241.71,274926741.25,,,
1680739200000,2023-04-06,Total Asset Value (Dollar),,,1053300.00,,77173073.48,367620.00,,,,56658764.54,1000241.71,275080310.11,,,
1680825600000,2023-04-07,Total Asset Value (Dollar),,,1053300.00,,77173073.48,367620.00,,,,65058764.54,1000241.71,275080310.11,,,
1680912000000,2023-04-08,Total Asset Value (Dollar),,,1053300.00,,77173073.48,367620.00,,,,65058764.54,1000241.71,275080310.11,,,
1680998400000,2023-04-09,Total Asset Value (Dollar),,,1053300.00,,77173073.48,367620.00,,,,65058764.54,1000241.71,275080310.11,,,
1681084800000,2023-04-10,Total Asset Value (Dollar),,,1051250.00,,77056688.53,367620.00,,,,65058764.54,1000241.71,275115856.35,,,
1681171200000,2023-04-11,Total Asset Value (Dollar),,,1048650.00,,77600956.32,367620.00,,,,65058764.54,1000241.71,275150053.80,,,
1681257600000,2023-04-12,Total Asset Value (Dollar),,,1050850.00,,78092924.92,367620.00,,,,65058764.54,1000241.71,275184375.15,,,
1681344000000,2023-04-13,Total Asset Value (Dollar),,,1049950.00,,78135436.03,367620.00,,,,65058764.54,1000241.71,274938935.65,,,
1681430400000,2023-04-14,Total Asset Value (Dollar),,,1046650.00,,111053728.14,367620.00,,,,64816320.59,1000241.71,275042360.03,,,
1681516800000,2023-04-15,Total Asset Value (Dollar),,,1046650.00,,111053728.14,367620.00,,,,65556729.34,1000241.71,275042360.03,,,
1681603200000,2023-04-16,Total Asset Value (Dollar),,,1046650.00,,111053728.14,367620.00,,,,65556729.34,1000241.71,275042360.03,,,
1681689600000,2023-04-17,Total Asset Value (Dollar),,,1047850.00,,111260698.02,367620.00,,,,65556729.34,1000241.71,274581027.21,,,
1681776000000,2023-04-18,Total Asset Value (Dollar),,,1046600.00,,111499737.85,367620.00,,,,65556729.34,1000241.71,277615029.65,,,
1681862400000,2023-04-19,Total Asset Value (Dollar),,,1047950.00,,111679853.21,367620.00,,,,65556729.34,1000241.71,277599588.93,,,
1681948800000,2023-04-20,Total Asset Value (Dollar),,,1049250.00,,112450528.77,367620.00,,,,65556729.34,1000241.71,277734151.44,,,
1682035200000,2023-04-21,Total Asset Value (Dollar),,,1049050.00,,112241853.47,367620.00,,,,66056729.34,1000241.71,277837900.44,,,
1682121600000,2023-04-22,Total Asset Value (Dollar),,,1049050.00,,112241853.47,367620.00,,,,66056729.34,1000241.71,277837900.44,,,
1682208000000,2023-04-23,Total Asset Value (Dollar),,,1049050.00,,112241853.47,367620.00,,,,66056729.34,1000241.71,277837900.44,,,
1682294400000,2023-04-24,Total Asset Value (Dollar),,,1047600.00,,114440467.87,367620.00,,,,66056729.34,1000241.71,277837900.44,,,
1682380800000,2023-04-25,Total Asset Value (Dollar),,,2098400.00,,115128234.76,367620.00,,,,68056729.34,1000241.71,277939939.59,,,
1682467200000,2023-04-26,Total Asset Value (Dollar),,,2085900.00,,115138662.10,367620.00,,,,68313527.75,1000271.56,275935539.43,,,
1682553600000,2023-04-27,Total Asset Value (Dollar),,,2094900.00,,115159516.78,367620.00,,,,68313527.75,1000271.56,275970844.19,,,
1682640000000,2023-04-28,Total Asset Value (Dollar),,,2101100.00,,115169944.11,367620.00,,,,68313527.75,1000271.56,276076157.84,,,
1682726400000,2023-04-29,Total Asset Value (Dollar),,,2101100.00,,115169944.11,367620.00,,,,68313527.75,1000271.56,276076157.84,,,
1682812800000,2023-04-30,Total Asset Value (Dollar),,,2101100.00,,115169944.11,367620.00,,,,68313527.75,1000271.56,276076157.84,,,
1682899200000,2023-05-01,Total Asset Value (Dollar),,,2092800.00,,114907829.58,367620.00,,,,68313527.75,1000296.52,281478037.04,,,
1682985600000,2023-05-02,Total Asset Value (Dollar),,,2102900.00,,120176412.66,367620.00,,,,68514536.63,1000271.56,283846127.64,,,
1683072000000,2023-05-03,Total Asset Value (Dollar),,,2101800.00,,121714820.55,367620.00,,,,68514536.63,1000271.56,286156188.96,,,
1683158400000,2023-05-04,Total Asset Value (Dollar),499942.18,,4207000.00,,121781156.18,367620.00,,,,68626938.58,1000271.56,288160356.39,,,
1683244800000,2023-05-05,Total Asset Value (Dollar),500016.45,,4187900.00,,126996718.19,367620.00,,,,68626938.58,1000271.56,291537347.25,,,
1683331200000,2023-05-06,Total Asset Value (Dollar),499623.21,,4187900.00,,126996718.19,367620.00,,,,68626938.58,1000271.56,291537347.25,,,
1683417600000,2023-05-07,Total Asset Value (Dollar),501247.23,,4187900.00,,126996718.19,367620.00,,,,68626938.58,1000271.56,291537347.25,,,
1683504000000,2023-05-08,Total Asset Value (Dollar),500368.77,,4188200.00,,127117270.20,367620.00,,,,68626938.58,1000271.56,291574736.72,,,
1683590400000,2023-05-09,Total Asset Value (Dollar),499254.17,,4190800.00,,129024453.16,367620.00,,,16148.38,71319492.21,1000271.56,291104768.71,,,
1683676800000,2023-05-10,Total Asset Value (Dollar),499421.18,,4188300.00,,129071307.25,367620.00,,,16122.06,71459436.90,1000271.56,291673423.03,,,
1683763200000,2023-05-11,Total Asset Value (Dollar),500371.58,,4190100.00,,129118161.35,367620.00,,,16126.74,71459436.90,1000271.56,291841207.63,,,
1683849600000,2023-05-12,Total Asset Value (Dollar),500416.34,,6277500.00,,129118161.35,367620.00,,,16111.63,71559436.90,1000358.86,290155532.04,,,
1683936000000,2023-05-13,Total Asset Value (Dollar),499112.58,,6277500.00,,129118161.35,367620.00,,,16111.63,71559436.90,1000358.86,290155532.04,,,
1684022400000,2023-05-14,Total Asset Value (Dollar),499729.51,,6277500.00,,129118161.35,367620.00,,,16111.63,71559436.90,1000358.86,290155532.04,,,
1684108800000,2023-05-15,Total Asset Value (Dollar),500358.05,,6309500.00,,129129874.87,367620.00,,,16161.55,71559436.90,1000356.86,290343721.41,,,
1684195200000,2023-05-16,Total Asset Value (Dollar),499930.32,,6275000.00,,129129874.87,367620.00,,,16095.74,71559436.90,1000382.72,290309044.94,,,
1684281600000,2023-05-17,Total Asset Value (Dollar),499731.48,,7359600.00,,142015007.94,367620.00,,,16147.22,71559436.90,1000407.63,288098081.86,,,
1684368000000,2023-05-18,Total Asset Value (Dollar),499020.84,,7322500.00,,143995791.07,367620.00,,,16083.75,71630631.02,1000407.63,288385427.85,,,
1684454400000,2023-05-19,Total Asset Value (Dollar),499797.28,,7340350.00,,151296599.09,367620.00,,,16119.92,71630631.02,1000493.86,290467231.96,,,
1684540800000,2023-05-20,Total Asset Value (Dollar),499784.68,,7340350.00,,151296599.09,367620.00,,,16119.92,71731540.03,1000493.86,290467231.96,,,
1684627200000,2023-05-21,Total Asset Value (Dollar),499870.33,,7340350.00,,151296599.09,367620.00,,,16119.92,71731540.03,1000493.86,290467231.96,,,
1684713600000,2023-05-22,Total Asset Value (Dollar),500038.21,,7340350.00,,122447185.96,367620.00,,,16119.92,71731540.03,1000585.05,290511415.69,,,
1684800000000,2023-05-23,Total Asset Value (Dollar),2266970.92,,7325500.00,,113201067.37,367620.00,,,16098.86,71731439.08,1000610.00,290553918.65,,,
1684886400000,2023-05-24,Total Asset Value (Dollar),2267853.59,,7335450.00,,113201067.37,367620.00,,,16091.26,71731439.08,1000634.97,290612597.11,,,
1684972800000,2023-05-25,Total Asset Value (Dollar),4268058.04,,8388400.00,,113252377.80,367620.00,,,16117.58,71731439.08,1000610.02,289887504.93,,,
1685059200000,2023-05-26,Total Asset Value (Dollar),4266369.46,,8357000.00,,113818177.00,367620.00,,,15967.75,71837707.82,1000611.13,290049367.33,,,
1685145600000,2023-05-27,Total Asset Value (Dollar),4260131.76,,8357000.00,,113818177.00,367620.00,,,15967.75,71831913.42,1000611.13,290049367.33,,,
1685232000000,2023-05-28,Total Asset Value (Dollar),4267273.53,,8357000.00,,113818177.00,367620.00,,,15967.75,71831913.42,1000611.13,290049367.33,,,
1685318400000,2023-05-29,Total Asset Value (Dollar),4282523.27,,8357000.00,,113818177.00,367620.00,,,15967.75,71831913.42,1000611.13,290049367.33,,,
1685404800000,2023-05-30,Total Asset Value (Dollar),4276676.88,,11299700.00,,113197221.49,367620.00,,,16074.88,71831913.42,1000636.12,290102831.18,,,
1685491200000,2023-05-31,Total Asset Value (Dollar),4280153.50,,11314350.00,,109905430.09,367620.00,,,16120.99,71831913.42,1000662.08,289161968.35,,,
1685577600000,2023-06-01,Total Asset Value (Dollar),7878654.65,,11326050.00,,109605941.24,367620.00,,,16099.06,71831913.42,1000662.08,295784317.94,,,
1685664000000,2023-06-02,Total Asset Value (Dollar),7875284.66,,11333700.00,,109615905.42,367620.00,,,16106.08,71327345.39,1000662.08,296020798.22,,,
1685750400000,2023-06-03,Total Asset Value (Dollar),7878495.00,,11333700.00,,109615905.42,367620.00,,,16106.08,71327345.39,1000662.08,296020798.22,,,
1685836800000,2023-06-04,Total Asset Value (Dollar),7891018.02,,13138456.00,,109615905.42,367620.00,,,16106.08,71327345.39,1000662.08,296020798.22,,,
1685923200000,2023-06-05,Total Asset Value (Dollar),10924807.49,,13134800.00,,115457822.25,367620.00,,,16092.53,71327345.39,1000662.08,295750199.67,,,
1686009600000,2023-06-06,Total Asset Value (Dollar),10923560.42,,13115868.00,,115810613.74,367620.00,,,16098.57,71327345.39,1000768.64,309697946.90,,,
1686096000000,2023-06-07,Total Asset Value (Dollar),12076603.56,,13177336.00,,119848725.42,367620.00,,,16137.28,71327345.39,1000768.64,309739278.74,,,
1686182400000,2023-06-08,Total Asset Value (Dollar),12070605.53,,13177612.00,,113352245.52,367620.00,,,16169.35,72348174.57,1000768.64,309811988.41,,,
1686268800000,2023-06-09,Total Asset Value (Dollar),12078243.64,,13153776.00,,113851227.01,367620.00,,,16128.99,72099331.42,1000736.64,304732075.00,,,
1686355200000,2023-06-10,Total Asset Value (Dollar),12076563.96,,13153776.00,,113851227.01,367620.00,,,16128.99,72099331.42,1000736.64,304732075.00,,,
1686441600000,2023-06-11,Total Asset Value (Dollar),12081456.85,,13616128.00,,113851227.01,367620.00,,,16128.99,72099331.42,1000736.64,304732075.00,,,
1686528000000,2023-06-12,Total Asset Value (Dollar),12683508.64,,13641504.00,,148617240.43,367620.00,,,16126.85,72099331.42,1000736.64,304770250.48,,,
1686614400000,2023-06-13,Total Asset Value (Dollar),12684469.93,,13636920.00,,152211856.38,367620.00,,,16112.52,72849331.42,1000736.64,304811094.03,25000.00,,
1686700800000,2023-06-14,Total Asset Value (Dollar),12694503.05,,13583096.00,,152225673.72,367620.00,,,16092.82,72849331.42,1000736.64,309769878.38,25000.00,,
1686787200000,2023-06-15,Total Asset Value (Dollar),13203968.80,,13622200.00,,157931909.56,366620.00,,,16112.03,73249454.48,1000602.20,307810873.26,1629469.59,,
1686873600000,2023-06-16,Total Asset Value (Dollar),13699483.69,,13635432.00,,159140552.33,366620.00,,,16143.81,73249454.48,1000567.30,306212541.41,1629469.58,,
1686960000000,2023-06-17,Total Asset Value (Dollar),13694806.16,,13635432.00,,159085422.33,366620.00,,,16143.81,73249454.48,1000567.30,306212541.41,1629469.58,,
1687046400000,2023-06-18,Total Asset Value (Dollar),13696268.96,,13635432.00,,156880222.33,366620.00,,,16143.81,73249454.48,1000567.30,306212541.41,1629469.58,,
1687132800000,2023-06-19,Total Asset Value (Dollar),13857292.30,,13635432.00,,156880222.33,366620.00,,,16143.81,73249454.48,1000567.30,306212541.41,1629469.58,,
1687219200000,2023-06-20,Total Asset Value (Dollar),14399930.70,,13591224.00,,155302892.38,366620.00,,,16099.06,73249454.48,1000515.90,306300713.43,1629469.58,,
1687305600000,2023-06-21,Total Asset Value (Dollar),14398036.84,,13632880.00,,142920158.87,366620.00,,,16131.04,73396790.35,1000540.92,303701010.06,1629469.58,,
1687392000000,2023-06-22,Total Asset Value (Dollar),14100491.97,,13612560.00,,142271515.68,366620.00,,,16115.44,73396790.35,1000467.98,303120918.45,1629469.58,,
1687478400000,2023-06-23,Total Asset Value (Dollar),13357993.94,,13649136.00,,142174093.11,366620.00,,,16143.52,84496778.35,1000050.94,303242431.72,1629469.58,,
1687564800000,2023-06-24,Total Asset Value (Dollar),13356957.43,,13649136.00,,142174093.11,366620.00,,,16143.52,84496778.35,1000050.94,303242431.72,1629469.58,,
1687651200000,2023-06-25,Total Asset Value (Dollar),13347775.31,,15758336.00,,142174093.11,366620.00,,,16143.52,84496778.35,1000050.94,303242431.72,1629469.58,,
1687737600000,2023-06-26,Total Asset Value (Dollar),12636763.82,,15718208.00,,142255009.84,366620.00,,,16117.78,84496778.35,1000050.94,299254679.08,1629469.58,,
1687824000000,2023-06-27,Total Asset Value (Dollar),16943241.09,,15716256.00,,142280794.69,366620.00,,,16105.01,84496803.35,1000050.94,298539595.89,1629469.58,,
1687910400000,2023-06-28,Total Asset Value (Dollar),17927449.90,,15735232.00,,142510844.26,366620.00,,,16128.70,85003200.46,1000050.94,298579806.61,1629469.58,,
1687996800000,2023-06-29,Total Asset Value (Dollar),17929571.77,,15734240.00,,142536668.45,376783.72,,,16093.51,85003200.46,1000050.94,297620741.83,1629863.94,,
1688083200000,2023-06-30,Total Asset Value (Dollar),17943398.41,,15751776.00,,143970772.58,376783.72,,,16150.83,85003200.46,1000101.92,297692153.90,1631479.94,,
1688169600000,2023-07-01,Total Asset Value (Dollar),17934300.78,,15751776.00,,143970772.58,376783.72,,,16150.83,85003200.46,1000101.92,297692153.90,3627411.49,,
1688256000000,2023-07-02,Total Asset Value (Dollar),17931742.53,,15751776.00,,143970772.58,376783.72,,,16150.83,85003200.46,1000101.92,297692153.90,3627411.49,,
1688342400000,2023-07-03,Total Asset Value (Dollar),17929844.96,,15756128.00,,143397235.78,376783.72,,,16107.55,85003200.46,1000127.26,297405962.61,3627411.49,,
1688428800000,2023-07-04,Total Asset Value (Dollar),18184187.34,,15756128.00,,143397235.78,376783.72,,,16107.55,86903200.46,1000127.26,297405962.61,3627411.49,,
1688515200000,2023-07-05,Total Asset Value (Dollar),17325652.37,,15717216.00,,142767068.58,376783.72,,,16082.59,86903200.46,1000127.26,297455205.66,3627411.49,,
1688601600000,2023-07-06,Total Asset Value (Dollar),16965103.94,,15725248.00,,144135207.86,376783.72,,,16099.26,86903200.46,1000127.26,297496145.75,3628282.69,,
1688688000000,2023-07-07,Total Asset Value (Dollar),15843548.34,,15752480.00,,144256204.91,376783.72,,,16105.21,88101417.87,1000127.26,298422013.72,3628332.52,,
1688774400000,2023-07-08,Total Asset Value (Dollar),15861743.22,,15752480.00,,144256204.91,376783.72,,,16105.21,88101417.87,1000127.26,298422013.72,3628481.70,,
1688860800000,2023-07-09,Total Asset Value (Dollar),20851326.22,,15752480.00,,144256204.91,376783.72,,,16105.21,88101417.87,1000127.26,298422013.72,3628481.70,,
1688947200000,2023-07-10,Total Asset Value (Dollar),20846555.15,,15724512.00,,144282411.87,376783.72,,,16087.27,88101417.87,1000407.68,298458933.93,3628481.70,,
1689033600000,2023-07-11,Total Asset Value (Dollar),21897938.81,,15726944.00,,144856020.59,376783.72,,,16088.83,88101417.87,1000407.68,300342718.86,3628531.44,,
1689120000000,2023-07-12,Total Asset Value (Dollar),21908863.85,,15779008.00,,151289056.25,376783.72,,,16156.78,88501417.87,1000407.68,297803003.52,3628581.17,,
1689206400000,2023-07-13,Total Asset Value (Dollar),21878957.79,,15759040.00,,170847841.04,376783.72,,,16097.90,88501417.87,1000407.68,294262022.17,3628630.60,,
1689292800000,2023-07-14,Total Asset Value (Dollar),21903136.27,,15757856.00,,167975724.55,376783.72,,,16154.73,88501394.08,1000405.68,294536628.46,3629329.59,,
1689379200000,2023-07-15,Total Asset Value (Dollar),21902933.48,,15757856.00,,167975724.55,376783.72,,,16154.73,88501394.08,1000405.68,294536628.46,3629329.59,,
1689465600000,2023-07-16,Total Asset Value (Dollar),21695798.62,,15757856.00,,167975724.55,376783.72,,,16154.73,93501394.08,1000405.68,294536628.46,3629329.59,,
1689552000000,2023-07-17,Total Asset Value (Dollar),21674888.58,,15755904.00,,167990965.98,376783.72,,,16141.96,93501394.08,1000783.90,294581112.36,4400964.96,,
1689638400000,2023-07-18,Total Asset Value (Dollar),21974757.08,,15797504.00,,168799967.55,376783.72,,,16191.68,93501394.08,1000809.11,294565462.56,4600221.73,,
1689724800000,2023-07-19,Total Asset Value (Dollar),21957656.93,,15796512.00,,161893706.97,376783.72,,,16156.49,94602394.08,1000809.11,293974863.49,4600284.40,,
1689811200000,2023-07-20,Total Asset Value (Dollar),21945092.66,,15778272.00,,161967128.16,376783.72,,,16144.79,97602394.08,1000809.11,294024501.63,4600972.31,,
1689897600000,2023-07-21,Total Asset Value (Dollar),21959774.25,,15809408.00,,162252229.11,376783.72,,,16176.28,97602394.08,1000809.11,294143199.35,4601035.27,,
1689984000000,2023-07-22,Total Asset Value (Dollar),21961981.56,,15809408.00,,162252229.11,376783.72,,,16176.28,97602394.08,1000809.11,294143199.35,4601035.27,,
1690070400000,2023-07-23,Total Asset Value (Dollar),21958673.20,,15809408.00,,162252229.11,376783.72,,,16176.28,97602894.08,1000809.11,294143199.35,4601035.27,,
1690156800000,2023-07-24,Total Asset Value (Dollar),21971936.97,,15801632.00,,162483373.75,376783.72,,,16182.81,97602894.08,1000809.11,294473864.11,4601224.14,,
1690243200000,2023-07-25,Total Asset Value (Dollar),22002892.01,,15795072.00,,164661490.55,376783.72,,,16190.12,97979317.24,1000809.11,294513744.87,4601286.82,,
1690329600000,2023-07-26,Total Asset Value (Dollar),21980463.75,,15798464.00,,164691339.46,376783.72,,,16169.26,97979317.24,1000809.11,294453632.55,4496303.60,,
1690416000000,2023-07-27,Total Asset Value (Dollar),21469967.62,,18726064.00,,173461219.31,376783.72,,,16180.96,97979317.24,1051420.51,294696171.94,4497021.20,,
1690502400000,2023-07-28,Total Asset Value (Dollar),21479411.03,,18704700.00,,175672208.07,376783.72,,,16181.25,106153363.05,1051420.51,297323918.78,4603028.81,,
1690588800000,2023-07-29,Total Asset Value (Dollar),21219846.10,,18704700.00,,175672208.07,376783.72,,,16181.25,106153363.05,1051420.51,297323918.78,4603028.81,,
1690675200000,2023-07-30,Total Asset Value (Dollar),21232551.15,,18704700.00,,175672208.07,376783.72,,,16181.25,106153363.05,1051420.51,297323918.78,4603028.81,,
1690761600000,2023-07-31,Total Asset Value (Dollar),21230371.13,,18713940.00,,175704026.98,376783.72,,,16162.73,106153363.05,1051420.51,297415227.65,4603222.29,,
1690848000000,2023-08-01,Total Asset Value (Dollar),21729695.93,,18729956.00,,175060038.31,376783.72,,,16171.31,121423905.66,1051420.51,297462164.26,5179963.73,,
1690934400000,2023-08-02,Total Asset Value (Dollar),22019852.94,,18697924.00,,174937860.71,376783.72,,,16154.15,121523906.66,1051420.51,298421823.98,5180031.13,,
1691020800000,2023-08-03,Total Asset Value (Dollar),22020278.45,,18737236.00,,175432300.47,376783.72,,,16175.21,121523906.66,1051470.99,297407000.66,5180285.95,,
1691107200000,2023-08-04,Total Asset Value (Dollar),22037538.17,,18759048.00,,175981143.85,376783.72,,,16222.10,121631523.22,1051470.99,297532127.39,5181728.88,,
1691193600000,2023-08-05,Total Asset Value (Dollar),22025076.02,,18759048.00,,175981143.85,376783.72,,,16222.10,121631523.22,1051470.99,297532127.39,5181728.88,,
1691280000000,2023-08-06,Total Asset Value (Dollar),22144057.45,,18759048.00,,175981143.85,376783.72,,,16222.10,121631523.22,1051470.99,297532127.39,5181728.88,,
1691366400000,2023-08-07,Total Asset Value (Dollar),22356228.03,,24037620.00,,175278338.34,376783.72,,,16211.96,121631523.22,1051470.99,297519757.92,4685197.47,,
1691452800000,2023-08-08,Total Asset Value (Dollar),22358810.69,,23991768.00,,170993894.23,376783.72,,,16168.48,121631523.22,1051470.99,297560226.54,4685264.12,,
1691539200000,2023-08-09,Total Asset Value (Dollar),22256864.76,,24058272.00,,171009425.01,376783.72,,,16195.00,121831523.22,1051470.99,294729782.48,4784669.92,,
1691625600000,2023-08-10,Total Asset Value (Dollar),23253272.51,,24058272.00,,177442804.94,376783.72,,,16195.00,121831523.22,1051470.99,294624290.14,4784737.98,,
1691712000000,2023-08-11,Total Asset Value (Dollar),22262133.60,,24070008.00,,176558909.80,376783.72,,,16199.68,121831523.22,1071665.88,294888861.85,4786012.55,,
1691798400000,2023-08-12,Total Asset Value (Dollar),22253883.20,,24070008.00,,176558909.80,376783.72,,,16199.68,121831523.22,1071665.88,294888861.85,4786012.55,,
1691884800000,2023-08-13,Total Asset Value (Dollar),22256072.33,,24070008.00,,176558909.80,376783.72,,,16199.68,121831523.22,1071665.88,294888861.85,4786012.55,,
1691971200000,2023-08-14,Total Asset Value (Dollar),22249378.29,,24065664.00,,175380119.94,376783.72,,,16185.35,121831523.22,1071691.12,294952715.56,4786216.73,,
1692057600000,2023-08-15,Total Asset Value (Dollar),22255698.45,,24026316.00,,174837463.99,376783.72,,,16220.05,121981523.22,1071716.34,294944058.01,4786284.93,,
1692144000000,2023-08-16,Total Asset Value (Dollar),22277107.74,,24079356.00,,174853326.58,376783.72,,,16190.81,121981523.31,1071716.34,294785301.66,4786353.13,,
1692230400000,2023-08-17,Total Asset Value (Dollar),21400475.92,,24016764.00,,173639606.53,376783.72,,,16165.85,121981523.31,1071741.56,293928905.27,5580323.26,,
1692316800000,2023-08-18,Total Asset Value (Dollar),21490669.29,,24050880.00,,166374942.65,376783.72,,,16204.65,122012318.00,1071842.42,294051233.50,5580666.83,,
1692403200000,2023-08-19,Total Asset Value (Dollar),21508871.81,,24050880.00,,166374942.65,376783.72,,,16204.65,122012318.00,1071842.42,294051233.50,5580666.83,,
1692489600000,2023-08-20,Total Asset Value (Dollar),21857765.29,,24050880.00,,166374942.65,376783.72,,,16204.65,122012318.00,1071842.42,294051233.50,5580666.83,,
1692576000000,2023-08-21,Total Asset Value (Dollar),21864261.73,,45351136.00,,166390027.87,376783.72,,,16194.71,122012318.00,1072346.07,294086658.25,5580905.24,,
1692662400000,2023-08-22,Total Asset Value (Dollar),23027802.96,,45284616.00,,164232943.10,376783.72,,,16209.33,79119132.94,1072346.07,293781897.15,5580984.56,,
1692748800000,2023-08-23,Total Asset Value (Dollar),23039396.52,,45270404.00,,166380484.29,376783.72,,,16192.66,72418850.47,1072346.07,293573099.17,5581060.87,,
1692835200000,2023-08-24,Total Asset Value (Dollar),27005326.47,,45256924.00,,166455878.75,376783.72,,,16203.87,69604577.48,1072336.07,293614322.99,5450709.19,,
1692921600000,2023-08-25,Total Asset Value (Dollar),27047265.69,,45244324.00,,167394932.97,376783.72,,,16173.65,69604577.48,1072336.07,293714755.88,5451197.93,,
1693008000000,2023-08-26,Total Asset Value (Dollar),27038074.23,,45244324.00,,167394932.97,376783.72,,,16173.65,69604577.48,1072336.07,293714755.88,5451197.93,,
1693094400000,2023-08-27,Total Asset Value (Dollar),27033403.69,,51394644.00,,167394932.97,376783.72,,,16173.65,69604577.48,1072336.07,293714755.88,5451197.93,,
1693180800000,2023-08-28,Total Asset Value (Dollar),27042633.14,,51546096.00,,168599457.72,376783.72,,,16213.72,69604577.48,1072336.07,293757027.05,5451431.70,,
1693267200000,2023-08-29,Total Asset Value (Dollar),27131023.91,,51590448.00,,169804697.05,376783.72,,,16249.40,70204577.48,1072336.07,293755319.55,5946865.71,,
1693353600000,2023-08-30,Total Asset Value (Dollar),27131000.61,,51434460.00,,169712114.47,376783.72,,,16208.55,70204577.48,1072537.40,293517406.67,5946950.89,,
1693440000000,2023-08-31,Total Asset Value (Dollar),27217181.78,,51529716.00,,169804315.91,376783.72,,,16224.93,75088362.82,1072537.40,293063646.57,5947036.07,,
1693526400000,2023-09-01,Total Asset Value (Dollar),27291006.60,,51467976.00,,170838935.92,376783.72,,,16228.34,79588362.82,1072537.40,293431385.16,5957641.57,,
1693612800000,2023-09-02,Total Asset Value (Dollar),27249812.35,,51467976.00,,170838935.92,376783.72,,,16228.34,79688564.45,1072537.40,293431385.16,5957641.57,,
1693699200000,2023-09-03,Total Asset Value (Dollar),27246669.69,,51467976.00,,170838935.92,376783.72,,,16228.34,79688564.45,1072537.40,293431385.16,5957641.57,,
1693785600000,2023-09-04,Total Asset Value (Dollar),27807891.23,,51467976.00,,170838935.92,376783.72,,,16228.34,79688564.45,1072537.40,293431385.16,5957641.57,,
1693872000000,2023-09-05,Total Asset Value (Dollar),27805319.04,,51470748.00,,170838935.92,376783.72,,,16214.79,79688564.45,1072537.57,283467114.18,5957982.31,,
1693958400000,2023-09-06,Total Asset Value (Dollar),27933371.52,,51459912.00,,177106917.94,376783.72,,,16198.90,79488685.97,1072537.57,283470255.07,5958067.50,,
1694044800000,2023-09-07,Total Asset Value (Dollar),27958650.51,,51502500.00,,176574367.27,376783.72,,,16220.25,79488687.96,1072537.57,283512764.04,5892898.25,,
1694131200000,2023-09-08,Total Asset Value (Dollar),28052955.31,,51582384.00,,174589896.66,376783.72,,,16219.96,79488687.96,1072537.57,283512764.04,5893526.95,,
1694217600000,2023-09-09,Total Asset Value (Dollar),28042202.65,,51582384.00,,174589896.66,376783.72,,,16219.96,79488687.96,1072537.57,283485039.67,5893526.95,,
1694304000000,2023-09-10,Total Asset Value (Dollar),28041078.76,,51582384.00,,174534816.66,376783.72,,,16219.96,79488687.96,1072537.57,283485039.67,5893526.95,,
1694390400000,2023-09-11,Total Asset Value (Dollar),28054676.31,,51505272.00,,176620811.41,376783.72,,,16206.70,79488687.96,1072537.56,283525259.16,5893779.72,,
1694476800000,2023-09-12,Total Asset Value (Dollar),27068910.62,,51531480.00,,176368621.53,376783.72,,,16239.26,79488687.96,1072537.56,277455496.33,5893863.98,,
1694563200000,2023-09-13,Total Asset Value (Dollar),26858744.03,,51599520.00,,176400633.26,376783.72,,,16250.96,79388682.96,1072537.56,277673131.93,5893948.24,,
1694649600000,2023-09-14,Total Asset Value (Dollar),30565178.83,,51552396.00,,176480662.58,376783.72,,,16228.83,83888682.96,1072537.56,278253228.71,5894032.51,,
1694736000000,2023-09-15,Total Asset Value (Dollar),30539232.76,,51555168.00,,176496668.44,376783.72,,,16215.28,83888682.96,1072537.56,278356128.21,5894672.16,,
1694822400000,2023-09-16,Total Asset Value (Dollar),30551009.96,,51555168.00,,176496668.44,376783.72,,,16215.28,83888682.96,1072537.56,278356128.21,5894672.16,,
1694908800000,2023-09-17,Total Asset Value (Dollar),30569027.76,,51555168.00,,176496668.44,376783.72,,,16215.28,83888682.96,1072537.56,278356128.21,5894672.16,,
1694995200000,2023-09-18,Total Asset Value (Dollar),30649718.09,,51561468.00,,209291454.87,376783.72,,,16230.39,83888682.96,1072537.56,278476744.95,5894924.96,,
1695081600000,2023-09-19,Total Asset Value (Dollar),30654022.60,,51576840.00,,209291454.87,376783.72,,,16247.06,83888682.96,1072537.56,277834620.65,5895010.97,,
1695168000000,2023-09-20,Total Asset Value (Dollar),30646662.10,8500000.00,51744672.00,,210037269.51,376783.72,,,16275.92,83888683.16,1072537.56,274819501.65,5895095.47,,
1695254400000,2023-09-21,Total Asset Value (Dollar),30653450.98,8500000.00,51591456.00,,210118838.31,376783.72,,,16221.52,83888683.16,1072537.56,274858326.50,5895179.80,,
1695340800000,2023-09-22,Total Asset Value (Dollar),30663045.21,8500000.00,51693012.00,,209930705.83,376783.72,,,16253.01,84090455.86,1072537.56,274480199.06,5576458.50,,
1695427200000,2023-09-23,Total Asset Value (Dollar),30658578.73,8500000.00,51693012.00,,209930705.83,376783.72,,,16253.01,77189622.53,1072537.56,274480199.06,5576458.50,,
1695513600000,2023-09-24,Total Asset Value (Dollar),30657330.35,8500000.00,51693012.00,,209930705.83,376783.72,,,16253.01,77189622.53,1072537.56,274480199.06,5576458.50,,
1695600000000,2023-09-25,Total Asset Value (Dollar),31738075.42,8500000.00,51776424.00,,30182598.09,376783.72,,,16281.38,84189622.53,1072537.56,307629038.01,5576696.67,,
1695686400000,2023-09-26,Total Asset Value (Dollar),31727580.46,8500000.00,51639336.00,,188859763.48,376783.72,,,16285.86,84299625.53,1072537.56,307663468.13,5576776.37,,
1695772800000,2023-09-27,Total Asset Value (Dollar),31753041.60,8500000.00,51614136.00,,200778582.07,376783.72,,,16225.42,84299624.63,1072537.56,307663492.15,5576856.53,,
1695859200000,2023-09-28,Total Asset Value (Dollar),31736637.53,8500000.00,51649416.00,,200778582.07,376783.72,,,16259.54,85299624.63,1072537.56,307930831.34,5576936.54,,
1695945600000,2023-09-29,Total Asset Value (Dollar),31758634.08,8500000.00,51737364.00,,202262340.70,381409.58,,,16288.69,80299624.63,1072537.56,308017674.91,7486898.11,,
1696032000000,2023-09-30,Total Asset Value (Dollar),31761368.19,8500000.00,51737364.00,,202339339.74,381409.58,,,16288.69,80299624.63,1072537.56,308017674.91,7486898.11,,
1696118400000,2023-10-01,Total Asset Value (Dollar),31780546.61,8500000.00,51737364.00,,202339339.74,381409.58,,,16288.69,80299624.63,1072537.56,308017674.91,7486898.11,,
1696204800000,2023-10-02,Total Asset Value (Dollar),31779306.98,8500000.00,51661260.00,,202189467.06,381409.58,,,16247.55,80299624.63,1072693.77,308108237.89,7524103.41,,
1696291200000,2023-10-03,Total Asset Value (Dollar),31757105.52,8500000.00,51654960.00,,202287033.70,381409.58,,,16232.44,80299624.73,1072693.77,310159964.39,7524210.95,,
1696377600000,2023-10-04,Total Asset Value (Dollar),35012723.53,8500000.00,51742908.00,,203809551.37,381409.58,,,16261.59,80299624.73,1072693.77,310190287.53,7524319.61,,
1696464000000,2023-10-05,Total Asset Value (Dollar),37089712.38,8500000.00,51779196.00,,203923907.13,381409.58,,,16267.83,80649624.73,1072678.55,310190287.53,7524427.85,,
1696550400000,2023-10-06,Total Asset Value (Dollar),37621693.50,8500000.00,51867144.00,,203985855.38,381409.58,,,16296.98,80938299.65,1072678.55,308622201.00,10097570.45,,
1696636800000,2023-10-07,Total Asset Value (Dollar),37452303.16,8500000.00,51867144.00,,204079189.55,381409.58,,,16296.98,80938299.65,1072678.55,308622201.00,10097570.45,,
1696723200000,2023-10-08,Total Asset Value (Dollar),37668500.05,8500000.00,51867144.00,,204079189.55,381409.58,,,16296.98,80938299.65,1072678.55,308622201.00,10097570.45,,
1696809600000,2023-10-09,Total Asset Value (Dollar),37660174.58,8500000.00,51888816.00,,205382696.54,381409.58,,,16328.76,80938299.65,1072678.55,308666789.73,10098000.11,,
1696896000000,2023-10-10,Total Asset Value (Dollar),37663924.44,8500000.00,51734592.00,,206670673.91,381409.58,,,16302.24,80938299.65,1072678.55,308360013.45,10098000.11,,
1696982400000,2023-10-11,Total Asset Value (Dollar),37561794.60,8500000.00,51780960.00,,206783293.04,381409.58,,,16282.16,80918219.12,1072576.84,308414216.91,10640163.59,,
1697068800000,2023-10-12,Total Asset Value (Dollar),37847088.14,8500000.00,51750972.00,,204633748.22,381409.58,,,16291.03,80918229.12,1072576.84,312402258.97,10640316.98,,
1697155200000,2023-10-13,Total Asset Value (Dollar),37866553.61,8500000.00,51770880.00,,204748622.76,381409.58,,,16308.48,80816713.94,1072576.84,312538572.69,5940873.00,,
1697241600000,2023-10-14,Total Asset Value (Dollar),39868615.52,8500000.00,51770880.00,,204842758.35,381409.58,,,16308.48,80816713.94,1072576.84,312538572.69,5940873.00,,
1697328000000,2023-10-15,Total Asset Value (Dollar),39865773.43,8500000.00,51770880.00,,204765376.39,381409.58,,,16308.48,80816713.94,1072576.84,312538572.69,5940873.00,,
1697414400000,2023-10-16,Total Asset Value (Dollar),39903984.58,8500000.00,51764580.00,,201983720.76,381409.58,,,16293.37,80816713.94,1072576.84,312617889.68,5941126.00,,
1697500800000,2023-10-17,Total Asset Value (Dollar),39906836.47,8500000.00,51858072.00,,202278734.03,381409.58,,,16295.42,80816713.94,1072673.49,302263528.40,5941215.17,,
1697587200000,2023-10-18,Total Asset Value (Dollar),39918023.26,8500000.00,51845220.00,,200723797.55,381409.58,11388823.97,,16335.29,80816773.94,1072698.90,302420987.52,5941343.94,,
1697673600000,2023-10-19,Total Asset Value (Dollar),38969885.27,8500000.00,51724764.00,,200786691.95,381409.58,11388823.97,,16258.47,80816773.94,1072698.90,302565615.21,5941477.17,,
1697760000000,2023-10-20,Total Asset Value (Dollar),38900558.32,8500000.00,51888816.00,,200093041.96,381409.58,10888823.97,,16328.76,80816774.94,1072698.90,314695958.32,20794473.00,,
1697846400000,2023-10-21,Total Asset Value (Dollar),38963711.24,8500000.00,51888816.00,,200168916.75,381409.58,10888823.97,,16328.76,80759470.19,1072698.90,314695958.32,20794473.00,,
1697932800000,2023-10-22,Total Asset Value (Dollar),38954716.33,8500000.00,51888816.00,,200168916.75,381409.58,10890538.89,,16328.76,80759470.19,1072698.90,314695958.32,20794473.00,,
1698019200000,2023-10-23,Total Asset Value (Dollar),38947290.46,8500000.00,51939720.00,,198638182.22,381409.58,10890538.89,,16309.46,80759470.19,1072698.90,314744710.32,20303536.82,,
1698105600000,2023-10-24,Total Asset Value (Dollar),39000948.80,8500000.00,51821784.00,,190781594.34,381409.58,10890538.89,,16289.18,80859470.19,1072698.90,314744710.39,20303929.65,,
1698192000000,2023-10-25,Total Asset Value (Dollar),37642429.86,8500000.00,52218180.00,,190807801.97,381409.58,10890538.89,,16371.37,80859470.19,1072825.70,314067028.38,20304324.64,,
1698278400000,2023-10-26,Total Asset Value (Dollar),38698071.06,8500000.00,51850764.00,,192319189.16,381409.58,10890538.89,,16308.19,80859470.19,1072825.70,314122166.41,20304751.07,,
1698364800000,2023-10-27,Total Asset Value (Dollar),37729730.21,8500000.00,51876972.00,,190871638.50,381409.58,10790538.89,,16340.75,90417048.74,1072926.90,314257511.04,22945035.24,,
1698451200000,2023-10-28,Total Asset Value (Dollar),37734670.24,8500000.00,51876972.00,,190972948.34,381409.58,10790538.89,,16340.75,90417048.74,1072926.90,314257511.04,22946484.93,,
1698537600000,2023-10-29,Total Asset Value (Dollar),37783039.27,8500000.00,51876972.00,,190972948.34,381409.58,10790538.89,,16340.75,90417048.74,1072926.90,314257511.04,22946484.93,,
1698624000000,2023-10-30,Total Asset Value (Dollar),37834477.95,8500000.00,52038504.00,,196936683.89,381409.58,10790538.89,,16354.50,90417048.74,1072926.90,314354367.73,39849875.62,,
1698710400000,2023-10-31,Total Asset Value (Dollar),37350698.64,8500000.00,51888816.00,,196466011.39,381409.58,15664484.05,,16328.76,90417048.74,1072926.90,314397323.29,42328458.94,,
1698796800000,2023-11-01,Total Asset Value (Dollar),37348866.73,8500000.00,51995916.00,,203520836.60,381409.58,15664484.05,,16333.15,79417048.74,1072926.90,322711337.00,42329228.13,,
1698883200000,2023-11-02,Total Asset Value (Dollar),37330943.85,8500000.00,51972228.00,,203194688.73,381409.58,15459734.05,,16357.13,79417044.74,1093168.80,322717600.20,42329996.65,,
1698969600000,2023-11-03,Total Asset Value (Dollar),37063447.30,8500000.00,52122672.00,,203004825.30,381409.58,15557133.48,,16425.08,79417044.74,1093195.84,322718474.43,42333141.57,,
1699056000000,2023-11-04,Total Asset Value (Dollar),37066253.25,8500000.00,52122672.00,,203004825.30,381409.58,15557133.48,,16425.08,79417044.74,1093195.84,326220355.28,42333141.57,,
1699142400000,2023-11-05,Total Asset Value (Dollar),37051084.91,8500000.00,52122672.00,,203004825.30,381409.58,15557133.48,,16425.08,79417044.74,1093195.84,326220355.28,42333141.57,,
1699228800000,2023-11-06,Total Asset Value (Dollar),37091283.58,8500000.00,52103772.00,,203157053.38,381409.58,15644522.77,,16379.75,79417044.74,1093175.60,326926482.98,43317991.42,,
1699315200000,2023-11-07,Total Asset Value (Dollar),36990592.85,8500000.00,51954084.00,,203093356.09,381409.58,15445209.92,,16354.01,79517144.74,2093175.60,326965363.74,43318743.43,,
1699401600000,2023-11-08,Total Asset Value (Dollar),34977169.27,8500000.00,52125444.00,,203093356.09,381409.58,15445209.92,,16411.53,79516143.84,2093175.60,327017903.61,43319494.00,,
1699488000000,2023-11-09,Total Asset Value (Dollar),35089752.00,8500000.00,52044804.00,,202424396.34,381409.58,15932888.96,,16369.61,79516138.84,2093175.60,327064621.21,43320248.51,,
1699574400000,2023-11-10,Total Asset Value (Dollar),35066431.03,8500000.00,52102764.00,,202554162.39,381409.58,15932888.96,,16407.63,84191693.84,2093175.60,326704367.31,42951006.74,,
1699660800000,2023-11-11,Total Asset Value (Dollar),35029819.00,8500000.00,52102764.00,,202554162.39,381409.58,15932888.96,,16407.63,96865289.75,2093175.60,326704367.31,42951006.74,,
1699747200000,2023-11-12,Total Asset Value (Dollar),35016852.11,8500000.00,52102764.00,,202554162.39,381409.58,15932888.96,,16407.63,96865289.75,2093175.60,326704367.31,42951006.74,,
1699833600000,2023-11-13,Total Asset Value (Dollar),35123773.78,8500000.00,52058412.00,,201003176.44,381409.58,15932888.96,,16371.95,96865289.75,2094633.65,323751090.90,42953175.67,,
1699920000000,2023-11-14,Total Asset Value (Dollar),35009630.63,8500000.00,52110828.00,,200903356.41,381409.58,15835617.06,,16437.07,108715291.75,2094734.32,323751090.90,42953900.07,,
1700006400000,2023-11-15,Total Asset Value (Dollar),35048206.90,8500000.00,52013052.00,,200903356.41,381409.58,17391658.88,,16364.15,108715291.75,2094734.32,323849233.43,42954624.49,,
1700092800000,2023-11-16,Total Asset Value (Dollar),32368571.57,8500000.00,52032960.00,,200610017.41,381409.58,18850242.40,,16381.60,108715291.75,2094734.32,328895823.68,44860061.21,,
1700179200000,2023-11-17,Total Asset Value (Dollar),29336229.26,8500000.00,52068240.00,,200659860.26,381409.58,18957713.01,,16415.72,108715291.75,2094734.32,328784733.27,44861657.98,,
1700265600000,2023-11-18,Total Asset Value (Dollar),29348901.26,8500000.00,52068240.00,,200659860.26,381409.58,18957713.01,,16415.72,108715291.75,2094734.32,328784733.27,44861657.98,,
1700352000000,2023-11-19,Total Asset Value (Dollar),29329912.71,8500000.00,52068240.00,,200659860.26,381409.58,18957713.01,,16415.72,108715291.75,2094734.32,328784733.27,44861657.98,,
1700438400000,2023-11-20,Total Asset Value (Dollar),29339343.98,8500000.00,52143588.00,,200413007.25,381409.58,19054897.01,,16414.65,108715291.75,2093275.27,328821631.97,43736492.96,,
1700524800000,2023-11-21,Total Asset Value (Dollar),29354148.20,8500000.00,52257744.00,,200512675.60,381409.58,19152072.03,,16476.36,108715296.75,2093600.27,326830271.58,43737224.39,,
1700611200000,2023-11-22,Total Asset Value (Dollar),29462908.93,8500000.00,52145352.00,,200114046.97,381409.58,19152072.03,,16428.98,108815296.75,2093542.60,326936967.08,43737954.42,,
1700697600000,2023-11-23,Total Asset Value (Dollar),30112201.31,8500000.00,52145352.00,,200114046.97,381409.58,19054888.04,,16428.98,108815297.75,2093542.60,326936967.08,43739414.49,,
1700784000000,2023-11-24,Total Asset Value (Dollar),30118252.61,8500000.00,52261524.00,,198091915.00,381409.58,18987283.21,,16434.93,108414897.75,2093467.60,330594309.48,43868521.17,,
1700870400000,2023-11-25,Total Asset Value (Dollar),30124576.98,8500000.00,52261524.00,,198091915.00,381409.58,18987283.21,,16434.93,108544897.75,2093467.60,330594309.48,43868521.17,,
1700956800000,2023-11-26,Total Asset Value (Dollar),30109780.66,8500000.00,52261524.00,,198091915.00,381409.58,18987283.21,,16434.93,108544897.75,2093467.60,330594309.48,43868521.17,,
1701043200000,2023-11-27,Total Asset Value (Dollar),30081292.00,8500000.00,52289496.00,,200668783.31,381409.58,19084374.26,,16481.82,108544897.75,2093870.52,330652009.65,44752313.91,,
1701129600000,2023-11-28,Total Asset Value (Dollar),30064921.30,8500000.00,52125444.00,,198125690.40,381409.58,19084374.26,,16411.53,110544897.75,2093830.52,330721174.00,44488036.10,,
1701216000000,2023-11-29,Total Asset Value (Dollar),28315221.60,8500000.00,52257744.00,,198566124.40,381409.58,19957897.77,,16476.36,110544897.75,2093773.93,329384180.62,44488791.75,,
1701302400000,2023-11-30,Total Asset Value (Dollar),28581606.37,8500000.00,52272360.00,,198566124.40,381409.58,19957897.77,,16450.82,105644901.75,2093975.61,328097413.69,44489538.31,,
1701388800000,2023-12-01,Total Asset Value (Dollar),28577673.80,8500000.00,52353000.00,,198870161.69,381409.58,19947897.77,,16492.74,105644901.75,2097353.12,328097413.69,44493884.55,,
1701475200000,2023-12-02,Total Asset Value (Dollar),28784835.96,8500000.00,52353000.00,,198870161.69,381409.58,19947897.77,,16492.74,105644901.75,2097353.12,328279229.97,44493884.55,,
1701561600000,2023-12-03,Total Asset Value (Dollar),28767471.35,8500000.00,52353000.00,,196810184.74,381409.58,19947897.77,,16492.74,105644901.75,2097353.12,328279229.97,44493884.55,,
1701648000000,2023-12-04,Total Asset Value (Dollar),28797582.65,8500000.00,52260516.00,,197762083.76,381409.58,20047897.86,,16462.81,105514772.70,2097353.13,328279226.94,44594022.84,,
1701734400000,2023-12-05,Total Asset Value (Dollar),28694721.15,8500000.00,52222212.00,,186967080.91,381409.58,20047897.86,,16512.33,105514772.70,2097353.13,328423607.73,44544797.33,,
1701820800000,2023-12-06,Total Asset Value (Dollar),28684057.00,8500000.00,52203312.00,,187961139.84,381409.58,20144855.62,,16467.00,105514772.70,2097378.15,327207676.67,44545528.59,,
1701907200000,2023-12-07,Total Asset Value (Dollar),28584368.12,8500000.00,52938624.00,,187240977.99,381409.58,22007859.80,,16514.87,105514772.70,2097375.15,325004899.19,44546257.07,,
1701993600000,2023-12-08,Total Asset Value (Dollar),28201786.80,8500000.00,52395588.00,,187292932.86,381409.58,22007859.80,,16514.09,105514772.70,2097355.15,322023609.14,44550868.25,,
1702080000000,2023-12-09,Total Asset Value (Dollar),28206422.80,8500000.00,52395588.00,,185358865.49,381409.58,22007859.80,,16514.09,105514772.70,2097355.15,322023609.14,44550868.25,,
1702166400000,2023-12-10,Total Asset Value (Dollar),28197736.99,8500000.00,52395588.00,,185358865.49,381409.58,22007859.80,,16514.09,105514772.70,2097355.15,322023609.14,44550868.25,,
1702252800000,2023-12-11,Total Asset Value (Dollar),28206781.92,8500000.00,52937010.00,,186099718.01,381409.58,22007859.80,,16500.54,105514772.70,2097329.92,327069250.68,44553036.96,,
1702339200000,2023-12-12,Total Asset Value (Dollar),28392847.35,8500000.00,52314948.00,,182897919.21,381409.58,22104739.60,,16472.17,105951999.04,2097329.92,327156592.39,44547022.56,,
1702425600000,2023-12-13,Total Asset Value (Dollar),28158279.56,8500000.00,52426332.00,,182366219.92,381409.58,22201617.35,,16547.43,105951999.04,2097328.92,327281026.92,44547744.10,,
1702512000000,2023-12-14,Total Asset Value (Dollar),28155359.17,8500000.00,52322760.00,,182405231.31,381409.58,22201617.35,,16571.70,106452967.15,2097363.92,327377916.10,44548460.73,,
1702598400000,2023-12-15,Total Asset Value (Dollar),28155209.32,8500000.00,52477992.00,,175119619.32,381409.58,22201617.35,,16570.34,106350237.12,6097363.92,327507484.37,45394163.83,,
1702684800000,2023-12-16,Total Asset Value (Dollar),27979805.49,8500000.00,52477992.00,,175169550.90,381409.58,22201617.35,,16570.34,106350237.12,6097413.92,327507484.37,45394163.83,,
1702771200000,2023-12-17,Total Asset Value (Dollar),27873792.50,8500000.00,52477992.00,,175169550.90,381409.58,22201617.35,,16570.34,106350237.12,6097413.92,327507484.37,45394163.83,,
1702857600000,2023-12-18,Total Asset Value (Dollar),27872388.10,8500000.00,53026264.00,,175283784.07,381409.58,22201617.35,,16571.90,106350237.12,6097410.88,327690322.69,45298676.33,,
1702944000000,2023-12-19,Total Asset Value (Dollar),27880110.85,8500000.00,53030800.00,,173241726.01,381409.58,22201617.35,,16572.68,106350237.12,6097432.88,327516833.37,44337545.53,,
1703030400000,2023-12-20,Total Asset Value (Dollar),27873040.68,8500000.00,52385508.00,,200841574.69,381409.58,22002989.71,,16540.41,105555389.02,6097433.88,327499379.50,44338259.14,,
1703116800000,2023-12-21,Total Asset Value (Dollar),28108777.07,8500000.00,52551324.00,,198155631.65,381409.58,22970478.23,,16625.03,105555389.02,6097427.21,327591886.16,44338957.52,,
1703203200000,2023-12-22,Total Asset Value (Dollar),28078234.32,8500000.00,53116170.00,,198191841.87,381409.58,22970478.23,,16573.17,105555389.02,6097426.96,327777318.27,44518591.34,,
1703289600000,2023-12-23,Total Asset Value (Dollar),28072617.77,8500000.00,52576020.00,,198276322.57,381409.58,22970478.23,,16573.17,105555389.02,6097426.96,327777318.27,44521478.22,,
1703376000000,2023-12-24,Total Asset Value (Dollar),28061688.24,8500000.00,52576020.00,,198276322.57,381409.58,22970478.23,,16573.17,105555389.02,6097426.96,327777318.27,44521478.22,,
1703462400000,2023-12-25,Total Asset Value (Dollar),28083968.43,8500000.00,52576020.00,,198276322.57,381409.58,22970478.23,,16573.17,105555389.02,6097426.96,327777318.27,44521478.22,,
1703548800000,2023-12-26,Total Asset Value (Dollar),26834199.14,8500000.00,53073330.00,,198490271.96,381409.58,24506244.40,,16621.91,105555389.02,6117428.19,325561451.50,44521478.22,,
1703635200000,2023-12-27,Total Asset Value (Dollar),26820831.95,8500000.00,52499664.00,,198662441.93,381409.58,24506244.40,,16602.12,100766069.44,6117428.19,325467138.92,44522199.98,,
1703721600000,2023-12-28,Total Asset Value (Dollar),26821726.25,8500000.00,52603992.00,,198180162.42,389762.45,24503749.20,,16620.06,100766069.44,6102479.25,325514315.54,44522921.75,,
1703808000000,2023-12-29,Total Asset Value (Dollar),26856607.86,8500000.00,53057466.00,,198179897.96,389762.45,23992078.11,,16577.36,96128191.33,6102479.25,325653728.53,44526663.09,,
1703894400000,2023-12-30,Total Asset Value (Dollar),26846032.75,8500000.00,52518816.00,,198264790.54,389762.45,23992078.11,,16577.36,96128191.33,6102479.25,325653728.53,44390310.32,,
1703980800000,2023-12-31,Total Asset Value (Dollar),26832147.96,8500000.00,52518816.00,,191095413.80,389762.45,23992078.11,,16577.36,96128191.33,6102479.25,325653728.53,44390310.32,,
1704067200000,2024-01-01,Total Asset Value (Dollar),26860258.65,8500000.00,52518816.00,,191095413.80,389762.45,23992078.11,,16577.36,96128191.33,6102479.25,325653728.53,44390310.32,,
1704153600000,2024-01-02,Total Asset Value (Dollar),24857690.73,8500000.00,52510500.00,,186572109.37,389762.45,23932201.11,,16618.01,96128191.33,6116644.08,324298353.96,44244066.20,,
1704240000000,2024-01-03,Total Asset Value (Dollar),24837369.34,8500000.00,53039572.00,,185729102.23,389762.45,23932201.11,,16574.24,96128191.33,6116644.08,333909277.51,44244799.19,,
1704326400000,2024-01-04,Total Asset Value (Dollar),23842735.18,8500000.00,52449012.00,,185595518.66,389762.45,25412865.54,,16551.33,96128191.33,6116634.08,333192497.42,44245532.20,,
1704412800000,2024-01-05,Total Asset Value (Dollar),22838289.71,8500000.00,52481520.00,,185349405.18,389762.45,25412865.54,,16599.00,96128191.33,6116636.08,333231643.00,44398241.38,,
1704499200000,2024-01-06,Total Asset Value (Dollar),22840428.74,8500000.00,52481520.00,,185404280.16,389762.45,25412865.54,,16599.00,93089489.15,6116636.08,333231643.00,44400384.86,,
1704585600000,2024-01-07,Total Asset Value (Dollar),22855501.02,8500000.00,52481520.00,,185404280.16,389762.45,25412865.54,,16599.00,93089489.15,6116636.08,333231643.00,44400384.86,,
1704672000000,2024-01-08,Total Asset Value (Dollar),22831224.39,8500000.00,52550568.00,,179963042.82,389762.45,25412865.54,,16582.82,93089489.15,6061639.08,333390565.63,44400384.86,,
1704758400000,2024-01-09,Total Asset Value (Dollar),22829661.64,8500000.00,53191360.00,,179971961.52,389762.45,25412865.54,,16599.98,93089489.15,6061627.05,333373269.06,44401099.39,,
1704844800000,2024-01-10,Total Asset Value (Dollar),22943016.59,8500000.00,53141464.00,,178365200.29,389762.45,25412865.54,,16591.40,93089489.15,6040848.04,336281340.23,44401813.93,,
1704931200000,2024-01-11,Total Asset Value (Dollar),23781893.85,8500000.00,53229676.00,,178375392.14,389762.45,25412865.54,,16634.88,93089489.15,6040848.04,336330863.79,44402528.48,,
1705017600000,2024-01-12,Total Asset Value (Dollar),23815326.95,8500000.00,52553088.00,,178395926.32,389762.45,25312865.54,,16639.36,93089489.15,6040848.04,336556204.76,44409686.86,,
1705104000000,2024-01-13,Total Asset Value (Dollar),23796664.13,8500000.00,52553088.00,,178468264.17,389762.45,25312865.54,,16639.36,93089489.15,6040848.04,336556204.76,44412550.68,,
1705190400000,2024-01-14,Total Asset Value (Dollar),23793425.42,8500000.00,52553088.00,,178468264.17,389762.45,25312865.54,,16639.36,93089489.15,6040848.04,336556204.76,44412550.68,,
1705276800000,2024-01-15,Total Asset Value (Dollar),23799673.29,8500000.00,52553088.00,,178468264.17,389762.45,25014391.41,,16639.36,93089489.15,6040848.04,336556204.76,44412550.68,,
1705363200000,2024-01-16,Total Asset Value (Dollar),23789238.51,8500000.00,52566696.00,,178291827.38,389762.45,25014391.41,,16641.70,93089489.15,6040854.04,336488109.82,44412550.68,,
1705449600000,2024-01-17,Total Asset Value (Dollar),23793235.01,8500000.00,53145620.00,,177915531.00,389762.45,25014391.41,,16648.72,93089489.15,6042108.06,336487902.10,44413266.68,,
1705536000000,2024-01-18,Total Asset Value (Dollar),23350750.22,8500000.00,52618608.00,,177914840.63,389762.45,25014391.41,,16594.52,93628692.85,6042321.26,335711658.47,44413982.68,,
1705622400000,2024-01-19,Total Asset Value (Dollar),23347848.64,8500000.00,53224090.00,,181712379.83,389762.45,25011633.52,,16634.10,93628692.85,6042321.26,335854077.36,42934122.09,,
1705708800000,2024-01-20,Total Asset Value (Dollar),23590983.72,8500000.00,52685640.00,,181743992.59,389762.45,25011633.52,,16634.10,93628702.85,6042321.26,335854077.36,42936194.67,,
1705795200000,2024-01-21,Total Asset Value (Dollar),23608362.15,8500000.00,52685640.00,,181665154.68,389762.45,25011633.52,,16634.10,93628702.85,6042321.26,335854077.36,42936194.67,,
1705881600000,2024-01-22,Total Asset Value (Dollar),23583220.38,8500000.00,53107362.00,,181665645.83,389762.45,24514960.94,,16585.94,93628702.85,6042226.61,335949677.20,42936194.67,,
1705968000000,2024-01-23,Total Asset Value (Dollar),23625483.77,8500000.00,52602984.00,,187260111.87,389762.45,24514960.94,,16647.94,93628702.85,6027876.61,336013012.68,42786249.14,,
1706054400000,2024-01-24,Total Asset Value (Dollar),22873793.91,8500000.00,52681104.00,,185286818.50,389762.45,24514960.94,,16633.32,93628702.85,6027962.87,336047374.69,42786937.88,,
1706140800000,2024-01-25,Total Asset Value (Dollar),23234218.66,8500000.00,53162800.00,,183866949.46,389762.45,24514960.94,,16637.51,94631789.75,6027964.87,336464881.23,42787626.64,,
1706227200000,2024-01-26,Total Asset Value (Dollar),23853787.37,8500000.00,52629444.00,,184127617.79,389762.45,24514960.94,,16610.41,93908414.06,6027967.87,335612304.12,42942944.67,,
1706313600000,2024-01-27,Total Asset Value (Dollar),23846152.55,8500000.00,52629444.00,,184188908.62,389762.45,24514960.94,,16610.41,86698791.19,6027967.87,335612304.12,42942944.67,,
1706400000000,2024-01-28,Total Asset Value (Dollar),23853042.00,8500000.00,52629444.00,,184188908.62,389762.45,24514960.94,,16610.41,86698791.19,6027967.87,335612304.12,42945009.63,,
1706486400000,2024-01-29,Total Asset Value (Dollar),24150858.01,8500000.00,52711092.00,,213641704.55,389762.45,24369960.94,,16624.45,86698791.19,6029378.09,335658387.28,42945009.63,,
1706572800000,2024-01-30,Total Asset Value (Dollar),25144725.07,8500000.00,53181144.00,,184033752.59,389762.45,24369960.94,,16640.63,86698786.19,6029310.87,332639049.03,42945700.58,,
1706659200000,2024-01-31,Total Asset Value (Dollar),25262997.12,8500000.00,52808112.00,,182835737.67,389762.45,24369960.94,,16655.16,86698786.19,6030588.22,332447054.94,42946391.54,,
1706745600000,2024-02-01,Total Asset Value (Dollar),25272712.26,8500000.00,52697232.00,,182846724.64,389762.45,24466161.41,,16692.20,86698786.19,6052943.47,332495789.93,42947089.25,,
1706832000000,2024-02-02,Total Asset Value (Dollar),24977471.74,8500000.00,53229310.00,,181296790.93,389762.45,24369960.94,,16692.20,86698786.19,6054546.08,332634920.11,42951527.00,,
1706918400000,2024-02-03,Total Asset Value (Dollar),24973653.89,8500000.00,52688810.00,,181372521.58,389762.45,24369960.94,10000000.00,16692.20,86698786.19,6054546.08,332634920.11,42953624.22,,
1707004800000,2024-02-04,Total Asset Value (Dollar),24976811.10,8500000.00,52688810.00,,181372521.58,389762.45,24369960.94,10000000.00,16692.20,86698786.19,6054546.08,332634920.11,42953624.22,,
1707091200000,2024-02-05,Total Asset Value (Dollar),25077493.87,8500000.00,53290230.00,,181338018.17,389762.45,24369960.94,10000000.00,16630.69,86698787.18,6056047.96,332679646.53,42953624.22,,
1707177600000,2024-02-06,Total Asset Value (Dollar),25076758.63,8500000.00,53288830.00,,181307066.76,389762.45,24466098.61,10000000.00,16630.69,83698786.18,6105566.04,331407604.33,42954319.29,,
1707264000000,2024-02-07,Total Asset Value (Dollar),24721640.39,8500000.00,52748350.00,,180405469.91,389762.45,23985408.61,10000000.00,16630.69,84698786.18,6105496.05,331467542.84,42904205.55,,
1707350400000,2024-02-08,Total Asset Value (Dollar),24718808.99,8500000.00,52745260.00,,180435310.11,389762.45,23985408.61,10000000.00,16630.69,84698786.18,6108476.37,331501967.18,42904880.78,,
1707436800000,2024-02-09,Total Asset Value (Dollar),24769449.98,8500000.00,53285084.00,,180455074.82,389762.45,23985408.61,10000000.00,16630.69,84698786.18,6108776.38,330893991.68,42771835.07,,
1707523200000,2024-02-10,Total Asset Value (Dollar),22128296.75,8500000.00,52741534.00,,180504913.10,389762.45,23985408.61,10000000.00,16630.69,84594429.41,6108776.38,330893991.68,42771835.07,,
1707609600000,2024-02-11,Total Asset Value (Dollar),22134342.07,8500000.00,52741534.00,,180504913.10,389762.45,23985408.61,10000000.00,16630.69,84594429.41,6108776.38,330893991.68,42769592.99,,
1707696000000,2024-02-12,Total Asset Value (Dollar),22133710.68,8500000.00,52717392.00,,180507851.36,389762.45,23985408.61,10000000.00,16639.56,84594429.41,6110049.96,330933822.81,42769592.99,,
1707782400000,2024-02-13,Total Asset Value (Dollar),22157278.22,8500000.00,53240492.00,,180515384.17,389762.45,23985408.61,10000000.00,16594.23,84594429.41,6110054.96,330980443.81,42770268.27,,
1707868800000,2024-02-14,Total Asset Value (Dollar),23023982.07,8500000.00,53255464.00,,179722084.77,389762.45,23889308.61,10024882.96,16610.90,84594429.41,6110054.96,331012486.39,42770943.55,,
1707955200000,2024-02-15,Total Asset Value (Dollar),23035538.36,8500000.00,53442090.00,,179699251.77,390762.45,23889308.61,10024892.91,16642.88,84049395.71,6110691.89,331838101.69,42771618.84,,
1708041600000,2024-02-16,Total Asset Value (Dollar),22355602.87,8500000.00,53434336.00,,176224209.40,388636.21,23889308.61,14999903.38,16642.88,84049395.71,6110692.89,324037888.58,42776935.10,,
1708128000000,2024-02-17,Total Asset Value (Dollar),22342243.70,8500000.00,52892086.00,,176080057.07,388636.21,23343685.63,14999903.38,16642.88,84049395.71,6110692.89,324037888.58,42776935.10,,
1708214400000,2024-02-18,Total Asset Value (Dollar),22358504.61,8500000.00,52892086.00,,176080057.07,388636.21,23343685.63,14999903.38,16642.88,84049395.71,6110692.89,324037888.58,42776935.10,,
1708300800000,2024-02-19,Total Asset Value (Dollar),22347193.50,8500000.00,52892086.00,,176027526.64,388636.21,23343685.63,14999903.38,16642.88,83947783.12,6110692.89,324037888.58,42779625.86,,
1708387200000,2024-02-20,Total Asset Value (Dollar),22362075.00,8500000.00,53439340.00,,174972354.43,388636.21,23343685.63,14999903.38,16642.88,83947783.12,6110784.29,327391343.96,42779625.86,,
1708473600000,2024-02-21,Total Asset Value (Dollar),22361925.79,8500000.00,32173591.04,,174716928.86,388636.21,23343685.63,15994177.06,16642.88,83947783.12,6110784.08,325464540.31,42877165.94,,
1708560000000,2024-02-22,Total Asset Value (Dollar),22358811.56,8500000.00,32177218.71,,172677784.79,388636.21,23343685.63,15994177.06,16642.88,83844808.84,6110870.08,323404299.44,42877838.74,,
1708646400000,2024-02-23,Total Asset Value (Dollar),22351983.42,8500000.00,31916789.75,,172499626.69,388636.21,23324685.63,15994177.06,16642.88,83844808.84,6116373.08,323517941.14,42885028.58,,
1708732800000,2024-02-24,Total Asset Value (Dollar),22343714.74,8500000.00,31916789.75,,179569672.74,388636.21,23324685.63,15994177.06,16642.88,83344808.84,6116373.08,323517941.14,42887058.87,,
1708819200000,2024-02-25,Total Asset Value (Dollar),22349970.10,8500000.00,31916789.75,,179609246.36,388636.21,23309685.63,15994177.06,16642.88,83344808.84,6116373.08,323517941.14,42887058.87,,
1708905600000,2024-02-26,Total Asset Value (Dollar),22342102.26,8500000.00,31919102.48,,179361665.63,388636.21,23309685.63,15994177.06,16642.88,84240852.36,6123877.65,322064622.33,42887058.87,,
1708992000000,2024-02-27,Total Asset Value (Dollar),22355029.40,8500000.00,32173827.90,,172774538.47,388636.21,23309685.63,15994177.06,16642.88,82706267.58,6124379.65,323971664.47,42887736.98,,
1709078400000,2024-02-28,Total Asset Value (Dollar),22361247.70,8500000.00,31915489.26,,170196297.59,388636.21,22342197.11,16093502.20,16642.88,82289728.05,6174813.18,324039221.30,42888417.68,,
1709164800000,2024-02-29,Total Asset Value (Dollar),22338123.14,8500000.00,32183246.20,,169958750.89,388636.21,22342197.11,23045341.75,16642.88,80688712.79,6178285.18,324099645.17,42889091.87,,
1709251200000,2024-03-01,Total Asset Value (Dollar),22334413.50,8500000.00,32138790.60,,169784370.59,388636.21,22152197.11,23045441.04,16646.29,80482068.98,6249447.75,324334929.46,42890919.78,,
1709337600000,2024-03-02,Total Asset Value (Dollar),22351885.40,8500000.00,31877327.80,,169839060.22,388636.21,22152197.11,23045441.04,16646.29,80482068.98,6249447.75,324334929.46,42892494.66,,
1709424000000,2024-03-03,Total Asset Value (Dollar),22360028.32,8500000.00,31877327.80,,169839060.22,388636.21,22152197.11,23045441.04,16646.29,80482068.98,6249447.75,324334929.46,42892494.66,,
1709510400000,2024-03-04,Total Asset Value (Dollar),21379606.14,8500000.00,31878199.88,,173543715.78,388636.21,22152197.11,37933268.70,16631.96,80482068.98,6251073.00,321305400.75,42722051.96,,
1709596800000,2024-03-05,Total Asset Value (Dollar),21395340.71,8500000.00,31880155.62,,168420269.63,388636.21,22075197.11,38032506.35,16647.07,77263456.65,6277566.26,321386205.90,42722711.72,,
1709683200000,2024-03-06,Total Asset Value (Dollar),21369466.58,8500000.00,32205938.74,,167638839.93,388636.21,22075197.11,38032506.35,16665.01,74607375.52,6277459.01,321281520.16,42723371.49,,
1709769600000,2024-03-07,Total Asset Value (Dollar),21350787.69,8500000.00,32005663.14,,162795550.41,388636.21,22075197.11,38031506.35,16710.83,74607575.32,6277459.01,321423081.33,42724028.70,,
1709856000000,2024-03-08,Total Asset Value (Dollar),21371658.01,8500000.00,31955634.55,,167459333.10,388636.21,21305197.11,38030506.35,16682.46,74607575.32,6365617.90,334116404.32,42725918.75,,
1709942400000,2024-03-09,Total Asset Value (Dollar),21367678.06,8500000.00,31955634.55,,167493137.70,388636.21,21305197.11,38030506.35,16682.46,74707575.32,6365617.90,334116404.32,42725918.75,,
1710028800000,2024-03-10,Total Asset Value (Dollar),21374215.65,8500000.00,31955634.55,,167493137.70,388636.21,21305197.11,38030506.35,16682.46,74707575.32,6365617.90,354148438.84,42729330.02,,
1710115200000,2024-03-11,Total Asset Value (Dollar),20347793.10,8500000.00,32186466.74,,167634530.56,388636.21,21263197.11,43979514.43,16717.65,74707575.32,6368094.40,350082595.66,42709432.81,,
1710201600000,2024-03-12,Total Asset Value (Dollar),20362432.62,8500000.00,32225656.99,,185194955.98,388636.21,21263197.11,43979514.43,16641.03,74707575.32,6371077.39,350129944.13,42710092.35,,
1710288000000,2024-03-13,Total Asset Value (Dollar),20360559.67,8500000.00,32186327.11,,184758512.26,388636.21,21263197.11,26618404.43,16673.88,74707565.32,6369675.96,353079364.67,42710753.18,,
1710374400000,2024-03-14,Total Asset Value (Dollar),20345550.93,8500000.00,32232429.02,,184648881.12,388636.21,20784897.11,26618404.43,16657.70,47776129.09,6369731.09,353128578.00,42711414.02,,
1710460800000,2024-03-15,Total Asset Value (Dollar),25344134.54,8500000.00,32297627.87,,184559993.17,388104.64,20784897.11,31572787.93,16689.97,47176129.09,6368861.85,413128542.31,42715378.02,,
1710547200000,2024-03-16,Total Asset Value (Dollar),25334892.59,8500000.00,32035685.46,,184601413.19,388104.64,20784897.11,31572787.93,16689.97,47176129.09,6368861.85,413170890.31,42717360.59,,
1710633600000,2024-03-17,Total Asset Value (Dollar),25366514.00,8500000.00,32035685.46,,184601413.19,388104.64,20784897.11,31572787.93,16689.97,47176129.09,6368861.85,413170890.31,42717360.59,,
1710720000000,2024-03-18,Total Asset Value (Dollar),25344233.31,8500000.00,32254386.52,,186408876.45,388104.64,20784897.11,31572787.93,16692.60,46539327.50,6368858.85,350903312.64,42717360.59,,
1710806400000,2024-03-19,Total Asset Value (Dollar),25323445.86,8500000.00,32300608.34,,186631756.55,388104.64,20784897.11,31572787.93,16676.42,46539327.50,6369624.84,351237867.78,42718018.91,,
1710892800000,2024-03-20,Total Asset Value (Dollar),25362929.72,8500000.00,32217919.01,40000000.00,186355745.17,388104.64,20784897.11,31572767.93,16522.49,46539327.50,6369609.63,351287708.36,42718677.24,,
1710979200000,2024-03-21,Total Asset Value (Dollar),25374236.04,8500000.00,32324377.69,50000000.00,184311641.49,388104.64,20870884.85,31572767.93,16726.43,43904628.93,6369686.63,360540001.39,42912352.86,,
1711065600000,2024-03-22,Total Asset Value (Dollar),25464296.18,8500000.00,32061964.43,100499706.87,184333352.00,388104.64,20870884.85,32562467.58,16726.43,42904628.93,6370098.17,360186954.56,42797620.95,,
1711152000000,2024-03-23,Total Asset Value (Dollar),25443635.42,8500000.00,32004791.06,100499706.87,184364015.44,388104.64,20870884.85,32562467.58,16725.16,42487818.93,6370098.17,360186954.56,42799616.10,,
1711238400000,2024-03-24,Total Asset Value (Dollar),25456844.03,8500000.00,32004791.06,100499706.87,179848414.39,388104.64,20870884.85,32562467.58,16725.16,42487818.93,6370098.17,360186954.56,42799616.10,,
1711324800000,2024-03-25,Total Asset Value (Dollar),25614219.25,8500000.00,32263348.48,110499706.87,179627341.12,388104.64,21825740.25,32562467.58,16725.16,42487818.93,6372606.41,360196491.00,42639787.83,,
1711411200000,2024-03-26,Total Asset Value (Dollar),23558990.57,8500000.00,32242484.99,160499706.87,179671498.19,388104.64,21725740.25,72514636.09,16703.03,42487818.93,6366381.39,360248279.71,42640451.89,7192816.52,
1711497600000,2024-03-27,Total Asset Value (Dollar),23599403.17,8500000.00,31979894.12,244807252.87,201924167.76,392684.47,21725740.25,82513172.14,16703.03,42487818.93,6373480.40,360300128.30,42641120.94,7192914.99,
1711584000000,2024-03-28,Total Asset Value (Dollar),23545394.75,8500000.00,32009574.61,274807252.87,201819226.06,392684.47,21725740.25,82513172.14,16741.05,42487818.93,6373481.55,360552590.78,42641792.72,10297999.69,3028095.36
1711670400000,2024-03-29,Total Asset Value (Dollar),23557749.27,8500000.00,32009574.61,274807252.87,201828102.24,392684.47,21725740.25,82513172.14,16741.05,42487818.93,6373481.55,360552590.78,42647501.09,10309575.92,4013055.36
1711756800000,2024-03-30,Total Asset Value (Dollar),23563441.61,8500000.00,32009574.61,274807252.87,201828102.24,392684.47,21725740.25,82513172.14,16741.05,42487818.93,6373481.55,360552590.78,42647501.09,10309575.92,4013055.36
1711843200000,2024-03-31,Total Asset Value (Dollar),23557638.89,8500000.00,32009574.61,274807252.87,201828102.24,392684.47,21725740.25,82513172.14,16741.05,42487818.93,6373481.55,360552590.78,42647501.09,10309575.92,4013055.36
1711929600000,2024-04-01,Total Asset Value (Dollar),23553500.83,8500000.00,31999604.54,280072651.52,201828102.24,392684.47,21628649.19,85478484.91,16741.05,42487818.93,6397205.13,358189839.63,42647501.09,10297999.69,
1712016000000,2024-04-02,Total Asset Value (Dollar),23549399.88,8500000.00,32267279.04,279822651.52,201756217.60,392684.47,21628649.19,85478484.91,16741.05,42487818.93,6387430.39,358234404.68,42584519.67,10297999.69,
1712102400000,2024-04-03,Total Asset Value (Dollar),23555751.70,8500000.00,32269942.86,280655751.52,201620219.09,392684.47,21628649.19,85478484.91,16741.05,42337818.93,6387352.51,363293272.63,42585193.05,10309675.49,4013055.36
1712188800000,2024-04-04,Total Asset Value (Dollar),23574752.07,8500000.00,32269710.76,280655751.52,202584962.54,392684.47,21628649.19,85478484.91,16741.05,42337818.93,6387509.26,363345477.45,42682176.97,10309675.49,4013055.36
1712275200000,2024-04-05,Total Asset Value (Dollar),23542695.20,8500000.00,32014174.69,280655751.52,239687598.48,392684.47,21428649.19,85478484.91,16741.05,42337818.93,6387545.11,363497724.88,40760132.28,10309675.49,4013055.36
1712361600000,2024-04-06,Total Asset Value (Dollar),23528701.34,8500000.00,32014174.69,280655751.52,239698632.42,392684.47,21428649.19,85478484.91,16741.05,42337818.93,6387545.11,363497724.88,40760132.28,10309675.49,4013055.36
1712448000000,2024-04-07,Total Asset Value (Dollar),23556876.23,8500000.00,32014174.69,280655751.52,239698632.42,392684.47,21904956.91,85478484.91,16741.05,42337818.93,6387545.11,363497724.88,40760132.28,10309675.49,4013055.36
1712534400000,2024-04-08,Total Asset Value (Dollar),23551621.78,8500000.00,32005471.88,286346989.52,239567010.60,397684.47,21904956.91,85478484.91,16741.05,42337818.93,6392178.35,363356297.50,40762040.47,11034564.68,4013055.36
1712620800000,2024-04-09,Total Asset Value (Dollar),23572148.32,8500000.00,32273634.90,285964232.52,260519678.86,397684.47,21904956.91,85478480.90,16741.05,42337818.93,6392302.02,363255277.05,40762675.52,11034564.68,4013055.36
1712707200000,2024-04-10,Total Asset Value (Dollar),23463305.81,8500000.00,32004844.60,288064382.52,274057626.22,397684.47,21904956.91,85478480.90,16741.05,42337818.93,6394309.39,363150411.25,40763309.38,11034564.68,4013055.36
1712793600000,2024-04-11,Total Asset Value (Dollar),23484257.90,8500000.00,32090252.94,288464382.52,275758853.65,397684.47,21849956.91,85478480.90,16703.23,42337818.93,6394442.87,363179372.71,40763942.05,11034564.68,4023689.37
1712880000000,2024-04-12,Total Asset Value (Dollar),23489434.55,8500000.00,32413375.63,293464382.52,281665223.32,398684.47,21849956.91,97977491.80,16752.95,42337818.93,6394551.74,363345248.33,40767511.24,11034564.68,4032856.62
1712966400000,2024-04-13,Total Asset Value (Dollar),23454090.22,8500000.00,32150929.62,293464382.52,281676072.83,398684.47,21849956.91,97977491.80,16752.95,42337818.93,6394551.74,363345248.33,40767511.24,11034564.68,4032856.62
1713052800000,2024-04-14,Total Asset Value (Dollar),23475462.34,8500000.00,32150929.62,293464382.52,281676072.83,398684.47,21849956.91,97977491.80,16752.95,42337818.93,6394551.74,363345248.33,40769412.40,11034564.68,4032856.62
1713139200000,2024-04-15,Total Asset Value (Dollar),23480367.31,8500000.00,32410380.92,293464382.52,280710541.54,398684.47,21849956.91,97977491.80,16752.95,42337818.93,6395245.22,363317911.85,40769412.40,11034564.68,4032856.62
1713225600000,2024-04-16,Total Asset Value (Dollar),20592366.54,8500000.00,32083934.27,293864382.52,280848479.54,398684.47,21620236.89,97977491.80,16674.57,38304621.17,6395745.24,363376695.64,40712340.06,11595879.22,4024422.75
1713312000000,2024-04-17,Total Asset Value (Dollar),20596293.99,8500000.00,32309265.36,293864382.52,280859736.26,398684.47,21620236.89,98076103.58,16662.87,38304571.17,6395768.52,387609174.36,40712974.35,11595879.22,4018922.40
1713398400000,2024-04-18,Total Asset Value (Dollar),20505000.54,8500000.00,32055865.40,297364382.52,280871023.96,399684.47,21620236.89,98076103.58,16662.87,38304571.17,6396763.52,390427016.49,40713605.06,11595879.22,4018922.40
1713484800000,2024-04-19,Total Asset Value (Dollar),20518853.69,8500000.00,32439919.46,298364382.52,280817278.81,399684.47,21620236.89,99932627.11,16760.75,38304571.17,6396784.52,394902972.86,40715776.22,11595879.21,4036523.52
1713571200000,2024-04-20,Total Asset Value (Dollar),20504747.52,8500000.00,32112908.55,298364382.52,280578566.50,399684.47,21620236.89,99932627.11,16696.70,38304571.17,6396784.52,394902972.86,40715776.22,11595879.21,4027722.96
1713657600000,2024-04-21,Total Asset Value (Dollar),20503418.87,8500000.00,32112908.55,298364382.52,280651070.51,399684.47,21620236.89,99932627.11,16696.70,38304571.17,6396784.52,394902972.86,40715776.22,11595879.21,4027722.96
1713744000000,2024-04-22,Total Asset Value (Dollar),20503413.50,8500000.00,32113640.38,304614382.52,280606822.76,399684.47,28847926.90,100326784.44,16696.70,38304571.17,6446750.17,384269297.34,40717667.89,11595879.21,4027722.96
1713830400000,2024-04-23,Total Asset Value (Dollar),20508573.35,8500000.00,32401321.62,304614382.52,280601001.92,399684.47,29038133.72,92326784.44,16702.16,38304571.17,6446762.17,382305849.31,40718298.64,11445976.32,4030289.79
1713916800000,2024-04-24,Total Asset Value (Dollar),20516207.13,8500000.00,32455407.31,304614382.52,280673592.93,399684.47,29038133.72,92326784.44,16748.76,38304571.17,6446762.17,380373549.94,40718930.59,11445976.32,4037990.28
1714003200000,2024-04-25,Total Asset Value (Dollar),20506774.41,8500000.00,32092991.47,349430246.52,280333986.24,399684.47,29038133.72,92326882.93,16719.12,38304571.17,6446313.89,380438670.05,40719563.76,11445976.32,4024056.06
1714089600000,2024-04-26,Total Asset Value (Dollar),20507090.02,8500000.00,32416738.25,349430246.52,326234442.11,399684.47,29038133.72,94272223.25,16752.95,38304571.17,6446825.87,376026349.83,40721434.69,11446075.60,4032856.62
1714176000000,2024-04-27,Total Asset Value (Dollar),20512412.58,8500000.00,32214709.90,349430246.52,326251395.21,399684.47,29038133.72,94272223.25,16724.78,38304571.17,6446825.87,376026349.83,40721434.69,11446075.60,4040923.80
1714262400000,2024-04-28,Total Asset Value (Dollar),19478784.07,8500000.00,32214709.90,349430246.52,326285187.95,399684.47,29038133.72,94272223.25,16724.78,38304571.17,6446825.87,376026349.83,40721434.69,11446075.60,4040923.80
1714348800000,2024-04-29,Total Asset Value (Dollar),19470581.60,8500000.00,32212618.96,375057329.74,328384840.49,399684.47,29133156.16,94518219.77,16724.78,44304571.17,6446445.07,368075007.04,40608130.25,11446075.60,4040923.80
1714435200000,2024-04-30,Total Asset Value (Dollar),19478701.76,8500000.00,18221576.71,375057329.74,336301958.33,399684.47,29133156.16,94518219.77,16724.78,44810655.04,6450428.14,368128700.92,40608758.72,11455608.27,4040923.80
1714521600000,2024-05-01,Total Asset Value (Dollar),19472332.21,8500000.00,18172407.79,384768811.56,335259148.20,399684.47,29133156.16,94518219.77,16743.59,44810655.04,6474128.90,368041591.80,40609388.14,11455608.27,4028456.34
1714608000000,2024-05-02,Total Asset Value (Dollar),19478196.66,8500000.00,18227381.96,384768811.56,350385461.93,399684.47,29133156.16,84518219.77,16743.79,44810655.04,6474163.59,368098899.42,40610016.63,11455608.27,4042757.25
1714694400000,2024-05-03,Total Asset Value (Dollar),19471095.73,8500000.00,18210427.89,381768811.56,350404343.77,399684.47,29133156.16,84518219.77,16731.31,44810655.04,6454193.59,367756690.54,40708105.40,11305608.27,4036890.21
1714780800000,2024-05-04,Total Asset Value (Dollar),20322072.37,8500000.00,18190143.19,381768811.56,350421996.83,399684.47,29133156.16,84518219.77,16780.83,44810655.04,6454193.59,367756690.54,40708105.40,11305608.27,4031756.55
1714867200000,2024-05-05,Total Asset Value (Dollar),21328835.96,8500000.00,18190143.19,381768811.56,350454967.34,399684.47,29607630.63,84518219.77,16780.83,44810655.04,6454193.59,367756690.54,40708105.40,11305608.27,4031756.55
1714953600000,2024-05-06,Total Asset Value (Dollar),21352555.05,8500000.00,18188817.31,381768811.56,350468572.71,400684.47,29607630.63,84518219.77,16780.83,44810655.04,6453347.64,367284704.43,40709988.80,11305608.27,4031756.55
1715040000000,2024-05-07,Total Asset Value (Dollar),21350831.71,8598177.69,18448600.85,382766347.21,351257325.36,400684.47,30366602.13,84518219.77,16780.83,44810655.04,6433437.39,367334881.96,40710615.83,11315522.19,4031756.55
1715126400000,2024-05-08,Total Asset Value (Dollar),22368559.14,8598177.69,18459559.31,382766347.21,351263673.56,400684.47,30366602.13,84518219.77,16738.62,44705666.51,6435023.87,367885178.84,40711243.82,11599631.20,4033223.31
1715212800000,2024-05-09,Total Asset Value (Dollar),22378745.32,8598177.69,18201744.20,382766347.21,350597689.46,400684.47,30366602.13,84518219.77,16785.51,46505666.51,6435513.37,368411849.17,40711870.87,11599631.20,4033956.69
1715299200000,2024-05-10,Total Asset Value (Dollar),22360778.82,8598177.69,18468266.79,382766347.21,350614575.61,400684.47,30366602.13,84518219.77,16802.96,46505666.51,6480939.62,367068357.98,40713726.30,11599631.20,4035056.76
1715385600000,2024-05-11,Total Asset Value (Dollar),22359700.08,8598177.69,18204166.10,382766347.21,350631489.93,400684.47,30366602.13,84518219.77,16802.96,46505666.51,6480939.62,367068357.98,40713726.30,11599631.20,4035056.76
1715472000000,2024-05-12,Total Asset Value (Dollar),22364210.06,8598177.69,18204166.10,382766347.21,350668237.74,400684.47,30366602.13,84518219.77,16802.96,46505666.51,6480939.62,367068357.98,40713726.30,11599631.20,4035056.76
1715558400000,2024-05-13,Total Asset Value (Dollar),22363851.95,8501002.19,18463816.27,379366347.21,350676598.40,400684.47,30366602.13,84518219.77,16802.96,46505666.51,6483510.62,359619713.21,40715607.01,11599631.20,4035056.76
1715644800000,2024-05-14,Total Asset Value (Dollar),22361058.08,8501002.19,18465325.86,379366347.21,395171989.44,400684.47,30366602.13,101215809.72,16802.96,46505666.51,6483613.62,357670841.85,40716233.13,11599631.20,4035056.76
1715731200000,2024-05-15,Total Asset Value (Dollar),22152802.83,8501002.19,18261522.67,379366347.21,395822808.95,398333.14,30366602.13,102411328.05,17747.22,49202966.51,6496295.20,357722013.90,40716859.27,11599631.20,4047890.91
1715817600000,2024-05-16,Total Asset Value (Dollar),23156075.53,8501002.19,18532560.61,425316347.21,394352771.00,398333.14,30366602.13,105357076.45,17821.92,49202966.51,6496671.76,357746916.21,40717486.37,11599730.23,4051191.12
1715904000000,2024-05-17,Total Asset Value (Dollar),23178673.43,8501002.19,18531637.99,425316347.21,406089385.62,398333.14,30366602.13,90518633.53,17821.92,42406339.50,6496773.76,355899847.05,40719600.70,11599730.23,4051191.12
1715990400000,2024-05-18,Total Asset Value (Dollar),23147596.32,8501002.19,18267273.52,425316347.21,406079044.93,398333.14,30366602.13,90518633.53,17821.92,37010991.39,6496773.76,355899847.05,40719600.70,11599730.23,4051191.12
1716076800000,2024-05-19,Total Asset Value (Dollar),23161005.58,8501002.19,18267273.52,425316347.21,406126594.00,398333.14,30366602.13,90518633.53,17821.92,37010991.39,6496773.76,355899847.05,40719600.70,11599730.23,4051191.12
1716163200000,2024-05-20,Total Asset Value (Dollar),23164683.93,8549589.94,18528567.62,427016347.21,424171069.52,399508.81,30461298.92,108455764.14,17821.92,43106978.95,6496748.76,355765370.76,40720855.48,11599730.23,4051191.12
1716249600000,2024-05-21,Total Asset Value (Dollar),23256608.03,8549589.94,18491450.30,442282474.88,411058026.57,399508.81,30555984.94,113365043.41,17748.54,43106978.94,6541825.65,352323012.96,40721482.64,11599730.23,4040557.11
1716336000000,2024-05-22,Total Asset Value (Dollar),23279579.23,8549589.94,18487449.45,448504972.88,411741199.46,399508.81,30555984.94,111643996.60,17748.54,43106978.94,6541660.77,352376264.70,45508458.43,11599730.23,4040557.11
1716422400000,2024-05-23,Total Asset Value (Dollar),23283442.35,8590373.58,18235170.01,451080648.88,411824988.62,399508.81,30555984.94,109134453.14,17750.10,43106978.94,6521650.02,351198727.56,52402080.96,11599730.23,4041290.49
1716508800000,2024-05-24,Total Asset Value (Dollar),23270974.60,10530578.31,18496568.60,453512032.88,436799269.67,399508.81,30556391.37,109134453.14,17750.10,43106978.94,6521590.17,349468799.04,57759246.44,11599730.23,4041290.49
1716595200000,2024-05-25,Total Asset Value (Dollar),23275881.93,10530578.31,18231916.36,453512032.88,436853872.21,399508.81,30556391.37,109134453.14,17750.10,39695718.50,6521590.17,349468799.04,60150686.82,11599730.23,4041290.49
1716681600000,2024-05-26,Total Asset Value (Dollar),23278754.62,10530578.31,18231916.36,453512032.88,436853872.21,399508.81,30556391.37,109134453.14,17750.10,39695718.50,6521590.17,349468799.04,60150686.82,11599730.23,4041290.49
1716768000000,2024-05-27,Total Asset Value (Dollar),23278292.99,10530578.31,18231916.36,453512032.88,436913871.65,399508.81,30556391.37,109134453.14,17750.10,39695718.50,6521590.17,349468799.04,60150686.82,11599730.23,4041290.49
1716854400000,2024-05-28,Total Asset Value (Dollar),23270846.84,10530578.31,18502017.75,473090665.25,442709203.26,399508.81,30556391.37,109134453.14,17750.10,39695718.50,6522458.59,350430413.19,62512425.23,11599839.10,4041290.49
1716940800000,2024-05-29,Total Asset Value (Dollar),23274121.75,10530578.31,18559713.43,473090665.25,427049915.38,399508.81,30556391.37,109134453.14,17836.74,39695718.50,6522464.16,350480992.41,62512367.51,11470171.22,4058158.23
1717027200000,2024-05-30,Total Asset Value (Dollar),23542472.62,10530578.31,18498888.85,454090665.25,429243141.49,399508.81,30734558.51,109134453.14,17768.58,39695718.50,6519587.57,348606380.45,63475060.14,11470181.12,4042023.87
1717113600000,2024-05-31,Total Asset Value (Dollar),23543377.11,10530578.31,18305161.11,456255765.25,427774609.68,399508.81,31112669.31,109134453.14,17789.10,39695718.50,6572584.93,348341941.80,63573932.35,11409470.12,4059624.99
1717200000000,2024-06-01,Total Asset Value (Dollar),23543424.84,10530578.31,18305161.11,456255765.25,427829250.86,399508.81,31112669.31,109134453.14,17789.10,39695718.50,6572584.93,348341941.80,63573932.35,11409470.12,4059624.99
1717286400000,2024-06-02,Total Asset Value (Dollar),23534444.60,10530578.31,18305161.11,456255765.25,427829250.86,399508.81,31112669.31,109134453.14,17789.10,39695718.50,6572584.93,348341941.80,63573932.35,11409470.12,4059624.99
1717372800000,2024-06-03,Total Asset Value (Dollar),23545188.41,10530578.31,18568050.21,462542901.22,434851949.52,399508.81,31112669.31,111794564.58,17789.10,39695718.50,6578009.38,346189035.44,63576821.54,11409470.12,4059624.99
1717459200000,2024-06-04,Total Asset Value (Dollar),24340534.22,10530578.31,18573445.72,462870228.56,467749952.73,399508.81,31112669.31,126482337.77,17789.10,39695299.46,6582966.89,346243412.00,63577790.07,11409470.12,4059624.99
1717545600000,2024-06-05,Total Asset Value (Dollar),22335459.07,10530578.31,18295297.39,462870228.56,467777816.13,399508.81,31599240.54,130888023.06,17831.28,39692147.15,6583485.88,346276297.16,70760585.79,11409470.12,4055591.40
1717632000000,2024-06-06,Total Asset Value (Dollar),22328504.38,10530578.31,18295297.39,462870228.56,467810503.04,399508.81,31599240.54,130888023.06,17831.28,39483897.45,6583549.54,346327045.95,77498173.73,11409470.12,4055591.40
1717718400000,2024-06-07,Total Asset Value (Dollar),22329442.88,10530578.31,18288596.25,463270228.56,496031640.22,399508.81,31599240.54,130888023.06,17848.20,41348162.45,6618664.14,344368452.21,84768095.20,11415880.92,4055591.40
1717804800000,2024-06-08,Total Asset Value (Dollar),22329919.59,10530578.31,18303067.87,463270228.56,496087533.20,399508.81,31599240.54,130888023.06,17788.32,41348162.45,6618664.14,344368452.21,84768095.20,11396334.47,4059258.30
1717891200000,2024-06-09,Total Asset Value (Dollar),22331017.69,10530578.31,18303067.87,463270228.56,496087533.20,399508.81,31599240.54,130888023.06,17788.32,41348162.45,6618664.14,344368452.21,85723109.38,11396334.47,4059258.30
1717977600000,2024-06-10,Total Asset Value (Dollar),21956860.06,10530578.31,18308366.55,462270228.56,496087229.04,399508.81,31599240.54,130888023.06,17788.32,41348162.45,6620568.94,344437750.96,88132098.09,11396334.47,4059258.30
1718064000000,2024-06-11,Total Asset Value (Dollar),21951019.87,10530578.31,18301146.00,462270228.56,495748091.73,399508.81,31694594.66,130888023.06,17835.18,41348162.45,6620660.77,344460365.17,88668161.45,11396334.47,4057424.85
1718150400000,2024-06-12,Total Asset Value (Dollar),21951625.03,10530578.31,18573575.34,462270228.56,506819608.72,399508.81,31694594.66,130889196.70,17835.18,40348162.45,6620614.42,344425062.40,89452408.29,11396334.47,4057424.85
1718236800000,2024-06-13,Total Asset Value (Dollar),21937265.63,10530578.31,18437500.02,467270228.56,506653133.51,399508.81,31694594.66,130889196.70,17902.32,40348162.45,6620618.42,344228500.11,97205703.06,11396334.47,4065125.34
1718323200000,2024-06-14,Total Asset Value (Dollar),21951229.21,18273243.32,18430287.56,462722165.23,506931017.80,399508.81,32043651.92,130889196.70,17879.16,44267648.15,6622968.07,344395107.02,97374981.59,11103165.17,4062191.82
1718409600000,2024-06-15,Total Asset Value (Dollar),21953049.91,18273243.32,18440858.60,462722165.23,506985977.47,399508.81,32043651.92,130889196.70,17918.46,44267648.15,6622968.07,344395107.02,97184071.60,11103165.17,4064758.65
1718496000000,2024-06-16,Total Asset Value (Dollar),21949434.54,18273243.32,18440858.60,462722165.23,506985977.47,399508.81,32043651.92,130889196.70,17918.46,44267648.15,6622968.07,344395107.02,97184071.60,11103165.17,4064758.65
1718582400000,2024-06-17,Total Asset Value (Dollar),21957945.40,18273243.32,18701059.21,462722165.23,489728064.49,399508.81,32892710.13,125889196.70,17918.46,44267648.15,6626175.33,344338307.68,101753698.99,11103165.17,4064758.65
1718668800000,2024-06-18,Total Asset Value (Dollar),21957830.83,18273243.32,18687969.53,462722165.23,489783006.90,399508.81,32892710.13,125889196.70,17880.72,44267648.15,6628621.25,344435898.96,100485618.85,11103165.17,4062925.20
1718755200000,2024-06-19,Total Asset Value (Dollar),21961305.57,18273243.32,18423341.27,462722165.23,489837919.18,399508.81,32892710.13,125889196.70,17880.72,44267648.15,6628621.25,344435898.96,100485618.85,11103165.17,4062925.20
1718841600000,2024-06-20,Total Asset Value (Dollar),21944990.09,18273243.32,18692436.53,481422165.23,489938862.78,399508.81,35721667.86,125889196.70,17880.72,44467648.15,6628517.00,341390257.83,102205546.31,11103165.17,4062925.20
1718928000000,2024-06-21,Total Asset Value (Dollar),21957120.46,18273243.32,18678589.49,481422165.23,490516324.99,399508.81,43733569.14,125889196.70,17872.14,44467648.15,11921845.49,340489150.61,105189913.01,11103165.17,4058891.61
1719014400000,2024-06-22,Total Asset Value (Dollar),21953804.04,18273243.32,18442810.75,481422165.23,490574020.91,399508.81,43945623.98,125889196.70,17887.74,44467648.15,11921845.49,340489150.61,105189913.01,11103165.17,4066225.41
1719100800000,2024-06-23,Total Asset Value (Dollar),22932586.40,18273243.32,18442810.75,481422165.23,490574020.91,399508.81,44583614.85,125889196.70,17887.74,44467648.15,11921845.49,340489150.61,105189913.01,11103165.17,4066225.41
1719187200000,2024-06-24,Total Asset Value (Dollar),23953934.10,18273243.32,18440870.28,481422165.23,490519142.80,399508.81,44860979.30,125889196.70,17887.74,44467648.15,11926908.96,342030592.20,105194651.20,11103165.17,4066225.41
1719273600000,2024-06-25,Total Asset Value (Dollar),23978003.64,18273243.32,18442915.30,479455787.55,489310271.49,399508.81,44955215.32,118567196.70,17887.74,44467648.15,11926707.06,352164871.49,105391940.47,11103165.17,4066225.41
1719360000000,2024-06-26,Total Asset Value (Dollar),23976804.40,18273243.32,18444368.57,481811326.32,490019806.40,399508.81,45489370.27,118567196.70,17888.52,44467648.15,11967002.44,402088429.48,105393536.31,10853165.17,4066592.10
1719446400000,2024-06-27,Total Asset Value (Dollar),23755301.15,18273243.32,18710120.98,481811326.32,489918399.18,399508.81,45489370.27,118567196.70,17888.52,43967648.15,11966664.50,402088729.52,107586936.88,10853165.17,4066592.10
1719532800000,2024-06-28,Total Asset Value (Dollar),23766175.05,18273243.32,18726244.84,483311326.32,489829881.30,405022.03,46745193.89,118567196.70,17894.76,43967638.15,11968528.02,401968528.61,108638011.82,10253135.17,4069525.62
1719619200000,2024-06-29,Total Asset Value (Dollar),23766201.22,18273243.32,18460921.13,483311326.32,489904164.77,405022.03,46745193.89,118567196.70,17894.76,43967638.15,11968528.02,401968528.61,108638011.82,10253135.17,4069525.62
1719705600000,2024-06-30,Total Asset Value (Dollar),23755755.73,18273243.32,18464225.83,483311326.32,491214164.77,405022.03,46745193.89,118567196.70,17930.16,43967638.15,11968528.02,401968528.61,108638011.82,10253135.17,4070259.00
1719792000000,2024-07-01,Total Asset Value (Dollar),23771015.21,18273243.32,,486460738.98,493611564.51,405022.03,46745193.89,104567096.70,,43967638.15,11993399.32,400984262.56,110217520.86,10253135.17,